//! GENERATED by `cargo run -p sous-core --bin gen-unicode` from the
//! UCD 17.0.0 extracts in `testdata/ucd/`. Do not edit.
//!
//! 3251 nonzero ranges, 207 deduplicated 64-scalar blocks.

/// Coalesced runs of equal nonzero bits over every plane, ascending.
#[rustfmt::skip]
pub(super) const CLASS_RANGES: &[(u32, u32, u16)] = &[
    (0x00000, 0x00008, 0x3100), (0x00009, 0x0000D, 0x3108), (0x0000E, 0x0001F, 0x3100), (0x00020, 0x00020, 0x0008),
    (0x00021, 0x00023, 0x0040), (0x00024, 0x00024, 0x0080), (0x00025, 0x0002A, 0x0040), (0x0002B, 0x0002B, 0x0080),
    (0x0002C, 0x0002F, 0x0040), (0x00030, 0x00039, 0x0010), (0x0003A, 0x0003B, 0x0040), (0x0003C, 0x0003E, 0x0080),
    (0x0003F, 0x00040, 0x0040), (0x00041, 0x0005A, 0x0003), (0x0005B, 0x0005D, 0x0040), (0x0005E, 0x0005E, 0x0080),
    (0x0005F, 0x0005F, 0x0040), (0x00060, 0x00060, 0x0080), (0x00061, 0x0007A, 0x0005), (0x0007B, 0x0007B, 0x0040),
    (0x0007C, 0x0007C, 0x0080), (0x0007D, 0x0007D, 0x0040), (0x0007E, 0x0007E, 0x0080), (0x0007F, 0x00084, 0x3100),
    (0x00085, 0x00085, 0x3108), (0x00086, 0x0009F, 0x3100), (0x000A0, 0x000A0, 0x0008), (0x000A1, 0x000A1, 0x0040),
    (0x000A2, 0x000A6, 0x0080), (0x000A7, 0x000A7, 0x0040), (0x000A8, 0x000A8, 0x0080), (0x000A9, 0x000A9, 0x1080),
    (0x000AA, 0x000AA, 0x0005), (0x000AB, 0x000AB, 0x0040), (0x000AC, 0x000AC, 0x0080), (0x000AD, 0x000AD, 0x3200),
    (0x000AE, 0x000AE, 0x1080), (0x000AF, 0x000B1, 0x0080), (0x000B4, 0x000B4, 0x0080), (0x000B5, 0x000B5, 0x0005),
    (0x000B6, 0x000B7, 0x0040), (0x000B8, 0x000B8, 0x0080), (0x000BA, 0x000BA, 0x0005), (0x000BB, 0x000BB, 0x0040),
    (0x000BF, 0x000BF, 0x0040), (0x000C0, 0x000D6, 0x0003), (0x000D7, 0x000D7, 0x0080), (0x000D8, 0x000DE, 0x0003),
    (0x000DF, 0x000F6, 0x0005), (0x000F7, 0x000F7, 0x0080), (0x000F8, 0x000FF, 0x0005), (0x00100, 0x00100, 0x0003),
    (0x00101, 0x00101, 0x0005), (0x00102, 0x00102, 0x0003), (0x00103, 0x00103, 0x0005), (0x00104, 0x00104, 0x0003),
    (0x00105, 0x00105, 0x0005), (0x00106, 0x00106, 0x0003), (0x00107, 0x00107, 0x0005), (0x00108, 0x00108, 0x0003),
    (0x00109, 0x00109, 0x0005), (0x0010A, 0x0010A, 0x0003), (0x0010B, 0x0010B, 0x0005), (0x0010C, 0x0010C, 0x0003),
    (0x0010D, 0x0010D, 0x0005), (0x0010E, 0x0010E, 0x0003), (0x0010F, 0x0010F, 0x0005), (0x00110, 0x00110, 0x0003),
    (0x00111, 0x00111, 0x0005), (0x00112, 0x00112, 0x0003), (0x00113, 0x00113, 0x0005), (0x00114, 0x00114, 0x0003),
    (0x00115, 0x00115, 0x0005), (0x00116, 0x00116, 0x0003), (0x00117, 0x00117, 0x0005), (0x00118, 0x00118, 0x0003),
    (0x00119, 0x00119, 0x0005), (0x0011A, 0x0011A, 0x0003), (0x0011B, 0x0011B, 0x0005), (0x0011C, 0x0011C, 0x0003),
    (0x0011D, 0x0011D, 0x0005), (0x0011E, 0x0011E, 0x0003), (0x0011F, 0x0011F, 0x0005), (0x00120, 0x00120, 0x0003),
    (0x00121, 0x00121, 0x0005), (0x00122, 0x00122, 0x0003), (0x00123, 0x00123, 0x0005), (0x00124, 0x00124, 0x0003),
    (0x00125, 0x00125, 0x0005), (0x00126, 0x00126, 0x0003), (0x00127, 0x00127, 0x0005), (0x00128, 0x00128, 0x0003),
    (0x00129, 0x00129, 0x0005), (0x0012A, 0x0012A, 0x0003), (0x0012B, 0x0012B, 0x0005), (0x0012C, 0x0012C, 0x0003),
    (0x0012D, 0x0012D, 0x0005), (0x0012E, 0x0012E, 0x0003), (0x0012F, 0x0012F, 0x0005), (0x00130, 0x00130, 0x0003),
    (0x00131, 0x00131, 0x0005), (0x00132, 0x00132, 0x0003), (0x00133, 0x00133, 0x0005), (0x00134, 0x00134, 0x0003),
    (0x00135, 0x00135, 0x0005), (0x00136, 0x00136, 0x0003), (0x00137, 0x00138, 0x0005), (0x00139, 0x00139, 0x0003),
    (0x0013A, 0x0013A, 0x0005), (0x0013B, 0x0013B, 0x0003), (0x0013C, 0x0013C, 0x0005), (0x0013D, 0x0013D, 0x0003),
    (0x0013E, 0x0013E, 0x0005), (0x0013F, 0x0013F, 0x0003), (0x00140, 0x00140, 0x0005), (0x00141, 0x00141, 0x0003),
    (0x00142, 0x00142, 0x0005), (0x00143, 0x00143, 0x0003), (0x00144, 0x00144, 0x0005), (0x00145, 0x00145, 0x0003),
    (0x00146, 0x00146, 0x0005), (0x00147, 0x00147, 0x0003), (0x00148, 0x00149, 0x0005), (0x0014A, 0x0014A, 0x0003),
    (0x0014B, 0x0014B, 0x0005), (0x0014C, 0x0014C, 0x0003), (0x0014D, 0x0014D, 0x0005), (0x0014E, 0x0014E, 0x0003),
    (0x0014F, 0x0014F, 0x0005), (0x00150, 0x00150, 0x0003), (0x00151, 0x00151, 0x0005), (0x00152, 0x00152, 0x0003),
    (0x00153, 0x00153, 0x0005), (0x00154, 0x00154, 0x0003), (0x00155, 0x00155, 0x0005), (0x00156, 0x00156, 0x0003),
    (0x00157, 0x00157, 0x0005), (0x00158, 0x00158, 0x0003), (0x00159, 0x00159, 0x0005), (0x0015A, 0x0015A, 0x0003),
    (0x0015B, 0x0015B, 0x0005), (0x0015C, 0x0015C, 0x0003), (0x0015D, 0x0015D, 0x0005), (0x0015E, 0x0015E, 0x0003),
    (0x0015F, 0x0015F, 0x0005), (0x00160, 0x00160, 0x0003), (0x00161, 0x00161, 0x0005), (0x00162, 0x00162, 0x0003),
    (0x00163, 0x00163, 0x0005), (0x00164, 0x00164, 0x0003), (0x00165, 0x00165, 0x0005), (0x00166, 0x00166, 0x0003),
    (0x00167, 0x00167, 0x0005), (0x00168, 0x00168, 0x0003), (0x00169, 0x00169, 0x0005), (0x0016A, 0x0016A, 0x0003),
    (0x0016B, 0x0016B, 0x0005), (0x0016C, 0x0016C, 0x0003), (0x0016D, 0x0016D, 0x0005), (0x0016E, 0x0016E, 0x0003),
    (0x0016F, 0x0016F, 0x0005), (0x00170, 0x00170, 0x0003), (0x00171, 0x00171, 0x0005), (0x00172, 0x00172, 0x0003),
    (0x00173, 0x00173, 0x0005), (0x00174, 0x00174, 0x0003), (0x00175, 0x00175, 0x0005), (0x00176, 0x00176, 0x0003),
    (0x00177, 0x00177, 0x0005), (0x00178, 0x00179, 0x0003), (0x0017A, 0x0017A, 0x0005), (0x0017B, 0x0017B, 0x0003),
    (0x0017C, 0x0017C, 0x0005), (0x0017D, 0x0017D, 0x0003), (0x0017E, 0x00180, 0x0005), (0x00181, 0x00182, 0x0003),
    (0x00183, 0x00183, 0x0005), (0x00184, 0x00184, 0x0003), (0x00185, 0x00185, 0x0005), (0x00186, 0x00187, 0x0003),
    (0x00188, 0x00188, 0x0005), (0x00189, 0x0018B, 0x0003), (0x0018C, 0x0018D, 0x0005), (0x0018E, 0x00191, 0x0003),
    (0x00192, 0x00192, 0x0005), (0x00193, 0x00194, 0x0003), (0x00195, 0x00195, 0x0005), (0x00196, 0x00198, 0x0003),
    (0x00199, 0x0019B, 0x0005), (0x0019C, 0x0019D, 0x0003), (0x0019E, 0x0019E, 0x0005), (0x0019F, 0x001A0, 0x0003),
    (0x001A1, 0x001A1, 0x0005), (0x001A2, 0x001A2, 0x0003), (0x001A3, 0x001A3, 0x0005), (0x001A4, 0x001A4, 0x0003),
    (0x001A5, 0x001A5, 0x0005), (0x001A6, 0x001A7, 0x0003), (0x001A8, 0x001A8, 0x0005), (0x001A9, 0x001A9, 0x0003),
    (0x001AA, 0x001AB, 0x0005), (0x001AC, 0x001AC, 0x0003), (0x001AD, 0x001AD, 0x0005), (0x001AE, 0x001AF, 0x0003),
    (0x001B0, 0x001B0, 0x0005), (0x001B1, 0x001B3, 0x0003), (0x001B4, 0x001B4, 0x0005), (0x001B5, 0x001B5, 0x0003),
    (0x001B6, 0x001B6, 0x0005), (0x001B7, 0x001B8, 0x0003), (0x001B9, 0x001BA, 0x0005), (0x001BB, 0x001BB, 0x0001),
    (0x001BC, 0x001BC, 0x0003), (0x001BD, 0x001BF, 0x0005), (0x001C0, 0x001C3, 0x0001), (0x001C4, 0x001C4, 0x0003),
    (0x001C5, 0x001C5, 0x0001), (0x001C6, 0x001C6, 0x0005), (0x001C7, 0x001C7, 0x0003), (0x001C8, 0x001C8, 0x0001),
    (0x001C9, 0x001C9, 0x0005), (0x001CA, 0x001CA, 0x0003), (0x001CB, 0x001CB, 0x0001), (0x001CC, 0x001CC, 0x0005),
    (0x001CD, 0x001CD, 0x0003), (0x001CE, 0x001CE, 0x0005), (0x001CF, 0x001CF, 0x0003), (0x001D0, 0x001D0, 0x0005),
    (0x001D1, 0x001D1, 0x0003), (0x001D2, 0x001D2, 0x0005), (0x001D3, 0x001D3, 0x0003), (0x001D4, 0x001D4, 0x0005),
    (0x001D5, 0x001D5, 0x0003), (0x001D6, 0x001D6, 0x0005), (0x001D7, 0x001D7, 0x0003), (0x001D8, 0x001D8, 0x0005),
    (0x001D9, 0x001D9, 0x0003), (0x001DA, 0x001DA, 0x0005), (0x001DB, 0x001DB, 0x0003), (0x001DC, 0x001DD, 0x0005),
    (0x001DE, 0x001DE, 0x0003), (0x001DF, 0x001DF, 0x0005), (0x001E0, 0x001E0, 0x0003), (0x001E1, 0x001E1, 0x0005),
    (0x001E2, 0x001E2, 0x0003), (0x001E3, 0x001E3, 0x0005), (0x001E4, 0x001E4, 0x0003), (0x001E5, 0x001E5, 0x0005),
    (0x001E6, 0x001E6, 0x0003), (0x001E7, 0x001E7, 0x0005), (0x001E8, 0x001E8, 0x0003), (0x001E9, 0x001E9, 0x0005),
    (0x001EA, 0x001EA, 0x0003), (0x001EB, 0x001EB, 0x0005), (0x001EC, 0x001EC, 0x0003), (0x001ED, 0x001ED, 0x0005),
    (0x001EE, 0x001EE, 0x0003), (0x001EF, 0x001F0, 0x0005), (0x001F1, 0x001F1, 0x0003), (0x001F2, 0x001F2, 0x0001),
    (0x001F3, 0x001F3, 0x0005), (0x001F4, 0x001F4, 0x0003), (0x001F5, 0x001F5, 0x0005), (0x001F6, 0x001F8, 0x0003),
    (0x001F9, 0x001F9, 0x0005), (0x001FA, 0x001FA, 0x0003), (0x001FB, 0x001FB, 0x0005), (0x001FC, 0x001FC, 0x0003),
    (0x001FD, 0x001FD, 0x0005), (0x001FE, 0x001FE, 0x0003), (0x001FF, 0x001FF, 0x0005), (0x00200, 0x00200, 0x0003),
    (0x00201, 0x00201, 0x0005), (0x00202, 0x00202, 0x0003), (0x00203, 0x00203, 0x0005), (0x00204, 0x00204, 0x0003),
    (0x00205, 0x00205, 0x0005), (0x00206, 0x00206, 0x0003), (0x00207, 0x00207, 0x0005), (0x00208, 0x00208, 0x0003),
    (0x00209, 0x00209, 0x0005), (0x0020A, 0x0020A, 0x0003), (0x0020B, 0x0020B, 0x0005), (0x0020C, 0x0020C, 0x0003),
    (0x0020D, 0x0020D, 0x0005), (0x0020E, 0x0020E, 0x0003), (0x0020F, 0x0020F, 0x0005), (0x00210, 0x00210, 0x0003),
    (0x00211, 0x00211, 0x0005), (0x00212, 0x00212, 0x0003), (0x00213, 0x00213, 0x0005), (0x00214, 0x00214, 0x0003),
    (0x00215, 0x00215, 0x0005), (0x00216, 0x00216, 0x0003), (0x00217, 0x00217, 0x0005), (0x00218, 0x00218, 0x0003),
    (0x00219, 0x00219, 0x0005), (0x0021A, 0x0021A, 0x0003), (0x0021B, 0x0021B, 0x0005), (0x0021C, 0x0021C, 0x0003),
    (0x0021D, 0x0021D, 0x0005), (0x0021E, 0x0021E, 0x0003), (0x0021F, 0x0021F, 0x0005), (0x00220, 0x00220, 0x0003),
    (0x00221, 0x00221, 0x0005), (0x00222, 0x00222, 0x0003), (0x00223, 0x00223, 0x0005), (0x00224, 0x00224, 0x0003),
    (0x00225, 0x00225, 0x0005), (0x00226, 0x00226, 0x0003), (0x00227, 0x00227, 0x0005), (0x00228, 0x00228, 0x0003),
    (0x00229, 0x00229, 0x0005), (0x0022A, 0x0022A, 0x0003), (0x0022B, 0x0022B, 0x0005), (0x0022C, 0x0022C, 0x0003),
    (0x0022D, 0x0022D, 0x0005), (0x0022E, 0x0022E, 0x0003), (0x0022F, 0x0022F, 0x0005), (0x00230, 0x00230, 0x0003),
    (0x00231, 0x00231, 0x0005), (0x00232, 0x00232, 0x0003), (0x00233, 0x00239, 0x0005), (0x0023A, 0x0023B, 0x0003),
    (0x0023C, 0x0023C, 0x0005), (0x0023D, 0x0023E, 0x0003), (0x0023F, 0x00240, 0x0005), (0x00241, 0x00241, 0x0003),
    (0x00242, 0x00242, 0x0005), (0x00243, 0x00246, 0x0003), (0x00247, 0x00247, 0x0005), (0x00248, 0x00248, 0x0003),
    (0x00249, 0x00249, 0x0005), (0x0024A, 0x0024A, 0x0003), (0x0024B, 0x0024B, 0x0005), (0x0024C, 0x0024C, 0x0003),
    (0x0024D, 0x0024D, 0x0005), (0x0024E, 0x0024E, 0x0003), (0x0024F, 0x00293, 0x0005), (0x00294, 0x00295, 0x0001),
    (0x00296, 0x002B8, 0x0005), (0x002B9, 0x002BF, 0x0001), (0x002C0, 0x002C1, 0x0005), (0x002C2, 0x002C5, 0x0080),
    (0x002C6, 0x002D1, 0x0001), (0x002D2, 0x002DF, 0x0080), (0x002E0, 0x002E4, 0x0005), (0x002E5, 0x002EB, 0x0080),
    (0x002EC, 0x002EC, 0x0001), (0x002ED, 0x002ED, 0x0080), (0x002EE, 0x002EE, 0x0001), (0x002EF, 0x002FF, 0x0080),
    (0x00300, 0x00344, 0x0820), (0x00345, 0x00345, 0x0825), (0x00346, 0x00362, 0x0820), (0x00363, 0x0036F, 0x0821),
    (0x00370, 0x00370, 0x0003), (0x00371, 0x00371, 0x0005), (0x00372, 0x00372, 0x0003), (0x00373, 0x00373, 0x0005),
    (0x00374, 0x00374, 0x0001), (0x00375, 0x00375, 0x0080), (0x00376, 0x00376, 0x0003), (0x00377, 0x00377, 0x0005),
    (0x0037A, 0x0037D, 0x0005), (0x0037E, 0x0037E, 0x0040), (0x0037F, 0x0037F, 0x0003), (0x00384, 0x00385, 0x0080),
    (0x00386, 0x00386, 0x0003), (0x00387, 0x00387, 0x0040), (0x00388, 0x0038A, 0x0003), (0x0038C, 0x0038C, 0x0003),
    (0x0038E, 0x0038F, 0x0003), (0x00390, 0x00390, 0x0005), (0x00391, 0x003A1, 0x0003), (0x003A3, 0x003AB, 0x0003),
    (0x003AC, 0x003CE, 0x0005), (0x003CF, 0x003CF, 0x0003), (0x003D0, 0x003D1, 0x0005), (0x003D2, 0x003D4, 0x0003),
    (0x003D5, 0x003D7, 0x0005), (0x003D8, 0x003D8, 0x0003), (0x003D9, 0x003D9, 0x0005), (0x003DA, 0x003DA, 0x0003),
    (0x003DB, 0x003DB, 0x0005), (0x003DC, 0x003DC, 0x0003), (0x003DD, 0x003DD, 0x0005), (0x003DE, 0x003DE, 0x0003),
    (0x003DF, 0x003DF, 0x0005), (0x003E0, 0x003E0, 0x0003), (0x003E1, 0x003E1, 0x0005), (0x003E2, 0x003E2, 0x0003),
    (0x003E3, 0x003E3, 0x0005), (0x003E4, 0x003E4, 0x0003), (0x003E5, 0x003E5, 0x0005), (0x003E6, 0x003E6, 0x0003),
    (0x003E7, 0x003E7, 0x0005), (0x003E8, 0x003E8, 0x0003), (0x003E9, 0x003E9, 0x0005), (0x003EA, 0x003EA, 0x0003),
    (0x003EB, 0x003EB, 0x0005), (0x003EC, 0x003EC, 0x0003), (0x003ED, 0x003ED, 0x0005), (0x003EE, 0x003EE, 0x0003),
    (0x003EF, 0x003F3, 0x0005), (0x003F4, 0x003F4, 0x0003), (0x003F5, 0x003F5, 0x0005), (0x003F6, 0x003F6, 0x0080),
    (0x003F7, 0x003F7, 0x0003), (0x003F8, 0x003F8, 0x0005), (0x003F9, 0x003FA, 0x0003), (0x003FB, 0x003FC, 0x0005),
    (0x003FD, 0x0042F, 0x0003), (0x00430, 0x0045F, 0x0005), (0x00460, 0x00460, 0x0003), (0x00461, 0x00461, 0x0005),
    (0x00462, 0x00462, 0x0003), (0x00463, 0x00463, 0x0005), (0x00464, 0x00464, 0x0003), (0x00465, 0x00465, 0x0005),
    (0x00466, 0x00466, 0x0003), (0x00467, 0x00467, 0x0005), (0x00468, 0x00468, 0x0003), (0x00469, 0x00469, 0x0005),
    (0x0046A, 0x0046A, 0x0003), (0x0046B, 0x0046B, 0x0005), (0x0046C, 0x0046C, 0x0003), (0x0046D, 0x0046D, 0x0005),
    (0x0046E, 0x0046E, 0x0003), (0x0046F, 0x0046F, 0x0005), (0x00470, 0x00470, 0x0003), (0x00471, 0x00471, 0x0005),
    (0x00472, 0x00472, 0x0003), (0x00473, 0x00473, 0x0005), (0x00474, 0x00474, 0x0003), (0x00475, 0x00475, 0x0005),
    (0x00476, 0x00476, 0x0003), (0x00477, 0x00477, 0x0005), (0x00478, 0x00478, 0x0003), (0x00479, 0x00479, 0x0005),
    (0x0047A, 0x0047A, 0x0003), (0x0047B, 0x0047B, 0x0005), (0x0047C, 0x0047C, 0x0003), (0x0047D, 0x0047D, 0x0005),
    (0x0047E, 0x0047E, 0x0003), (0x0047F, 0x0047F, 0x0005), (0x00480, 0x00480, 0x0003), (0x00481, 0x00481, 0x0005),
    (0x00482, 0x00482, 0x0080), (0x00483, 0x00489, 0x0820), (0x0048A, 0x0048A, 0x0003), (0x0048B, 0x0048B, 0x0005),
    (0x0048C, 0x0048C, 0x0003), (0x0048D, 0x0048D, 0x0005), (0x0048E, 0x0048E, 0x0003), (0x0048F, 0x0048F, 0x0005),
    (0x00490, 0x00490, 0x0003), (0x00491, 0x00491, 0x0005), (0x00492, 0x00492, 0x0003), (0x00493, 0x00493, 0x0005),
    (0x00494, 0x00494, 0x0003), (0x00495, 0x00495, 0x0005), (0x00496, 0x00496, 0x0003), (0x00497, 0x00497, 0x0005),
    (0x00498, 0x00498, 0x0003), (0x00499, 0x00499, 0x0005), (0x0049A, 0x0049A, 0x0003), (0x0049B, 0x0049B, 0x0005),
    (0x0049C, 0x0049C, 0x0003), (0x0049D, 0x0049D, 0x0005), (0x0049E, 0x0049E, 0x0003), (0x0049F, 0x0049F, 0x0005),
    (0x004A0, 0x004A0, 0x0003), (0x004A1, 0x004A1, 0x0005), (0x004A2, 0x004A2, 0x0003), (0x004A3, 0x004A3, 0x0005),
    (0x004A4, 0x004A4, 0x0003), (0x004A5, 0x004A5, 0x0005), (0x004A6, 0x004A6, 0x0003), (0x004A7, 0x004A7, 0x0005),
    (0x004A8, 0x004A8, 0x0003), (0x004A9, 0x004A9, 0x0005), (0x004AA, 0x004AA, 0x0003), (0x004AB, 0x004AB, 0x0005),
    (0x004AC, 0x004AC, 0x0003), (0x004AD, 0x004AD, 0x0005), (0x004AE, 0x004AE, 0x0003), (0x004AF, 0x004AF, 0x0005),
    (0x004B0, 0x004B0, 0x0003), (0x004B1, 0x004B1, 0x0005), (0x004B2, 0x004B2, 0x0003), (0x004B3, 0x004B3, 0x0005),
    (0x004B4, 0x004B4, 0x0003), (0x004B5, 0x004B5, 0x0005), (0x004B6, 0x004B6, 0x0003), (0x004B7, 0x004B7, 0x0005),
    (0x004B8, 0x004B8, 0x0003), (0x004B9, 0x004B9, 0x0005), (0x004BA, 0x004BA, 0x0003), (0x004BB, 0x004BB, 0x0005),
    (0x004BC, 0x004BC, 0x0003), (0x004BD, 0x004BD, 0x0005), (0x004BE, 0x004BE, 0x0003), (0x004BF, 0x004BF, 0x0005),
    (0x004C0, 0x004C1, 0x0003), (0x004C2, 0x004C2, 0x0005), (0x004C3, 0x004C3, 0x0003), (0x004C4, 0x004C4, 0x0005),
    (0x004C5, 0x004C5, 0x0003), (0x004C6, 0x004C6, 0x0005), (0x004C7, 0x004C7, 0x0003), (0x004C8, 0x004C8, 0x0005),
    (0x004C9, 0x004C9, 0x0003), (0x004CA, 0x004CA, 0x0005), (0x004CB, 0x004CB, 0x0003), (0x004CC, 0x004CC, 0x0005),
    (0x004CD, 0x004CD, 0x0003), (0x004CE, 0x004CF, 0x0005), (0x004D0, 0x004D0, 0x0003), (0x004D1, 0x004D1, 0x0005),
    (0x004D2, 0x004D2, 0x0003), (0x004D3, 0x004D3, 0x0005), (0x004D4, 0x004D4, 0x0003), (0x004D5, 0x004D5, 0x0005),
    (0x004D6, 0x004D6, 0x0003), (0x004D7, 0x004D7, 0x0005), (0x004D8, 0x004D8, 0x0003), (0x004D9, 0x004D9, 0x0005),
    (0x004DA, 0x004DA, 0x0003), (0x004DB, 0x004DB, 0x0005), (0x004DC, 0x004DC, 0x0003), (0x004DD, 0x004DD, 0x0005),
    (0x004DE, 0x004DE, 0x0003), (0x004DF, 0x004DF, 0x0005), (0x004E0, 0x004E0, 0x0003), (0x004E1, 0x004E1, 0x0005),
    (0x004E2, 0x004E2, 0x0003), (0x004E3, 0x004E3, 0x0005), (0x004E4, 0x004E4, 0x0003), (0x004E5, 0x004E5, 0x0005),
    (0x004E6, 0x004E6, 0x0003), (0x004E7, 0x004E7, 0x0005), (0x004E8, 0x004E8, 0x0003), (0x004E9, 0x004E9, 0x0005),
    (0x004EA, 0x004EA, 0x0003), (0x004EB, 0x004EB, 0x0005), (0x004EC, 0x004EC, 0x0003), (0x004ED, 0x004ED, 0x0005),
    (0x004EE, 0x004EE, 0x0003), (0x004EF, 0x004EF, 0x0005), (0x004F0, 0x004F0, 0x0003), (0x004F1, 0x004F1, 0x0005),
    (0x004F2, 0x004F2, 0x0003), (0x004F3, 0x004F3, 0x0005), (0x004F4, 0x004F4, 0x0003), (0x004F5, 0x004F5, 0x0005),
    (0x004F6, 0x004F6, 0x0003), (0x004F7, 0x004F7, 0x0005), (0x004F8, 0x004F8, 0x0003), (0x004F9, 0x004F9, 0x0005),
    (0x004FA, 0x004FA, 0x0003), (0x004FB, 0x004FB, 0x0005), (0x004FC, 0x004FC, 0x0003), (0x004FD, 0x004FD, 0x0005),
    (0x004FE, 0x004FE, 0x0003), (0x004FF, 0x004FF, 0x0005), (0x00500, 0x00500, 0x0003), (0x00501, 0x00501, 0x0005),
    (0x00502, 0x00502, 0x0003), (0x00503, 0x00503, 0x0005), (0x00504, 0x00504, 0x0003), (0x00505, 0x00505, 0x0005),
    (0x00506, 0x00506, 0x0003), (0x00507, 0x00507, 0x0005), (0x00508, 0x00508, 0x0003), (0x00509, 0x00509, 0x0005),
    (0x0050A, 0x0050A, 0x0003), (0x0050B, 0x0050B, 0x0005), (0x0050C, 0x0050C, 0x0003), (0x0050D, 0x0050D, 0x0005),
    (0x0050E, 0x0050E, 0x0003), (0x0050F, 0x0050F, 0x0005), (0x00510, 0x00510, 0x0003), (0x00511, 0x00511, 0x0005),
    (0x00512, 0x00512, 0x0003), (0x00513, 0x00513, 0x0005), (0x00514, 0x00514, 0x0003), (0x00515, 0x00515, 0x0005),
    (0x00516, 0x00516, 0x0003), (0x00517, 0x00517, 0x0005), (0x00518, 0x00518, 0x0003), (0x00519, 0x00519, 0x0005),
    (0x0051A, 0x0051A, 0x0003), (0x0051B, 0x0051B, 0x0005), (0x0051C, 0x0051C, 0x0003), (0x0051D, 0x0051D, 0x0005),
    (0x0051E, 0x0051E, 0x0003), (0x0051F, 0x0051F, 0x0005), (0x00520, 0x00520, 0x0003), (0x00521, 0x00521, 0x0005),
    (0x00522, 0x00522, 0x0003), (0x00523, 0x00523, 0x0005), (0x00524, 0x00524, 0x0003), (0x00525, 0x00525, 0x0005),
    (0x00526, 0x00526, 0x0003), (0x00527, 0x00527, 0x0005), (0x00528, 0x00528, 0x0003), (0x00529, 0x00529, 0x0005),
    (0x0052A, 0x0052A, 0x0003), (0x0052B, 0x0052B, 0x0005), (0x0052C, 0x0052C, 0x0003), (0x0052D, 0x0052D, 0x0005),
    (0x0052E, 0x0052E, 0x0003), (0x0052F, 0x0052F, 0x0005), (0x00531, 0x00556, 0x0003), (0x00559, 0x00559, 0x0001),
    (0x0055A, 0x0055F, 0x0040), (0x00560, 0x00588, 0x0005), (0x00589, 0x0058A, 0x0040), (0x0058D, 0x0058F, 0x0080),
    (0x00591, 0x005AF, 0x0820), (0x005B0, 0x005BD, 0x0821), (0x005BE, 0x005BE, 0x0040), (0x005BF, 0x005BF, 0x0821),
    (0x005C0, 0x005C0, 0x0040), (0x005C1, 0x005C2, 0x0821), (0x005C3, 0x005C3, 0x0040), (0x005C4, 0x005C5, 0x0821),
    (0x005C6, 0x005C6, 0x0040), (0x005C7, 0x005C7, 0x0821), (0x005D0, 0x005EA, 0x0001), (0x005EF, 0x005F2, 0x0001),
    (0x005F3, 0x005F4, 0x0040), (0x00600, 0x00605, 0x5200), (0x00606, 0x00608, 0x0080), (0x00609, 0x0060A, 0x0040),
    (0x0060B, 0x0060B, 0x0080), (0x0060C, 0x0060D, 0x0040), (0x0060E, 0x0060F, 0x0080), (0x00610, 0x0061A, 0x0821),
    (0x0061B, 0x0061B, 0x0040), (0x0061C, 0x0061C, 0x3200), (0x0061D, 0x0061F, 0x0040), (0x00620, 0x0064A, 0x0001),
    (0x0064B, 0x00657, 0x0821), (0x00658, 0x00658, 0x0820), (0x00659, 0x0065F, 0x0821), (0x00660, 0x00669, 0x0010),
    (0x0066A, 0x0066D, 0x0040), (0x0066E, 0x0066F, 0x0001), (0x00670, 0x00670, 0x0821), (0x00671, 0x006D3, 0x0001),
    (0x006D4, 0x006D4, 0x0040), (0x006D5, 0x006D5, 0x0001), (0x006D6, 0x006DC, 0x0821), (0x006DD, 0x006DD, 0x5200),
    (0x006DE, 0x006DE, 0x0080), (0x006DF, 0x006E0, 0x0820), (0x006E1, 0x006E4, 0x0821), (0x006E5, 0x006E6, 0x0001),
    (0x006E7, 0x006E8, 0x0821), (0x006E9, 0x006E9, 0x0080), (0x006EA, 0x006EC, 0x0820), (0x006ED, 0x006ED, 0x0821),
    (0x006EE, 0x006EF, 0x0001), (0x006F0, 0x006F9, 0x0010), (0x006FA, 0x006FC, 0x0001), (0x006FD, 0x006FE, 0x0080),
    (0x006FF, 0x006FF, 0x0001), (0x00700, 0x0070D, 0x0040), (0x0070F, 0x0070F, 0x5200), (0x00710, 0x00710, 0x0001),
    (0x00711, 0x00711, 0x0821), (0x00712, 0x0072F, 0x0001), (0x00730, 0x0073F, 0x0821), (0x00740, 0x0074A, 0x0820),
    (0x0074D, 0x007A5, 0x0001), (0x007A6, 0x007B0, 0x0821), (0x007B1, 0x007B1, 0x0001), (0x007C0, 0x007C9, 0x0010),
    (0x007CA, 0x007EA, 0x0001), (0x007EB, 0x007F3, 0x0820), (0x007F4, 0x007F5, 0x0001), (0x007F6, 0x007F6, 0x0080),
    (0x007F7, 0x007F9, 0x0040), (0x007FA, 0x007FA, 0x0001), (0x007FD, 0x007FD, 0x0820), (0x007FE, 0x007FF, 0x0080),
    (0x00800, 0x00815, 0x0001), (0x00816, 0x00817, 0x0821), (0x00818, 0x00819, 0x0820), (0x0081A, 0x0081A, 0x0001),
    (0x0081B, 0x00823, 0x0821), (0x00824, 0x00824, 0x0001), (0x00825, 0x00827, 0x0821), (0x00828, 0x00828, 0x0001),
    (0x00829, 0x0082C, 0x0821), (0x0082D, 0x0082D, 0x0820), (0x00830, 0x0083E, 0x0040), (0x00840, 0x00858, 0x0001),
    (0x00859, 0x0085B, 0x0820), (0x0085E, 0x0085E, 0x0040), (0x00860, 0x0086A, 0x0001), (0x00870, 0x00887, 0x0001),
    (0x00888, 0x00888, 0x0080), (0x00889, 0x0088F, 0x0001), (0x00890, 0x00891, 0x5200), (0x00897, 0x00897, 0x0821),
    (0x00898, 0x0089F, 0x0820), (0x008A0, 0x008C9, 0x0001), (0x008CA, 0x008D3, 0x0820), (0x008D4, 0x008DF, 0x0821),
    (0x008E0, 0x008E1, 0x0820), (0x008E2, 0x008E2, 0x5200), (0x008E3, 0x008E9, 0x0821), (0x008EA, 0x008EF, 0x0820),
    (0x008F0, 0x00903, 0x0821), (0x00904, 0x00939, 0x0001), (0x0093A, 0x0093B, 0x0821), (0x0093C, 0x0093C, 0x0820),
    (0x0093D, 0x0093D, 0x0001), (0x0093E, 0x0094C, 0x0821), (0x0094D, 0x0094D, 0x8820), (0x0094E, 0x0094F, 0x0821),
    (0x00950, 0x00950, 0x0001), (0x00951, 0x00954, 0x0820), (0x00955, 0x00957, 0x0821), (0x00958, 0x00961, 0x0001),
    (0x00962, 0x00963, 0x0821), (0x00964, 0x00965, 0x0040), (0x00966, 0x0096F, 0x0010), (0x00970, 0x00970, 0x0040),
    (0x00971, 0x00980, 0x0001), (0x00981, 0x00983, 0x0821), (0x00985, 0x0098C, 0x0001), (0x0098F, 0x00990, 0x0001),
    (0x00993, 0x009A8, 0x0001), (0x009AA, 0x009B0, 0x0001), (0x009B2, 0x009B2, 0x0001), (0x009B6, 0x009B9, 0x0001),
    (0x009BC, 0x009BC, 0x0820), (0x009BD, 0x009BD, 0x0001), (0x009BE, 0x009C4, 0x0821), (0x009C7, 0x009C8, 0x0821),
    (0x009CB, 0x009CC, 0x0821), (0x009CD, 0x009CD, 0x8820), (0x009CE, 0x009CE, 0x0001), (0x009D7, 0x009D7, 0x0821),
    (0x009DC, 0x009DD, 0x0001), (0x009DF, 0x009E1, 0x0001), (0x009E2, 0x009E3, 0x0821), (0x009E6, 0x009EF, 0x0010),
    (0x009F0, 0x009F1, 0x0001), (0x009F2, 0x009F3, 0x0080), (0x009FA, 0x009FB, 0x0080), (0x009FC, 0x009FC, 0x0001),
    (0x009FD, 0x009FD, 0x0040), (0x009FE, 0x009FE, 0x0820), (0x00A01, 0x00A03, 0x0821), (0x00A05, 0x00A0A, 0x0001),
    (0x00A0F, 0x00A10, 0x0001), (0x00A13, 0x00A28, 0x0001), (0x00A2A, 0x00A30, 0x0001), (0x00A32, 0x00A33, 0x0001),
    (0x00A35, 0x00A36, 0x0001), (0x00A38, 0x00A39, 0x0001), (0x00A3C, 0x00A3C, 0x0820), (0x00A3E, 0x00A42, 0x0821),
    (0x00A47, 0x00A48, 0x0821), (0x00A4B, 0x00A4C, 0x0821), (0x00A4D, 0x00A4D, 0x0820), (0x00A51, 0x00A51, 0x0821),
    (0x00A59, 0x00A5C, 0x0001), (0x00A5E, 0x00A5E, 0x0001), (0x00A66, 0x00A6F, 0x0010), (0x00A70, 0x00A71, 0x0821),
    (0x00A72, 0x00A74, 0x0001), (0x00A75, 0x00A75, 0x0821), (0x00A76, 0x00A76, 0x0040), (0x00A81, 0x00A83, 0x0821),
    (0x00A85, 0x00A8D, 0x0001), (0x00A8F, 0x00A91, 0x0001), (0x00A93, 0x00AA8, 0x0001), (0x00AAA, 0x00AB0, 0x0001),
    (0x00AB2, 0x00AB3, 0x0001), (0x00AB5, 0x00AB9, 0x0001), (0x00ABC, 0x00ABC, 0x0820), (0x00ABD, 0x00ABD, 0x0001),
    (0x00ABE, 0x00AC5, 0x0821), (0x00AC7, 0x00AC9, 0x0821), (0x00ACB, 0x00ACC, 0x0821), (0x00ACD, 0x00ACD, 0x8820),
    (0x00AD0, 0x00AD0, 0x0001), (0x00AE0, 0x00AE1, 0x0001), (0x00AE2, 0x00AE3, 0x0821), (0x00AE6, 0x00AEF, 0x0010),
    (0x00AF0, 0x00AF0, 0x0040), (0x00AF1, 0x00AF1, 0x0080), (0x00AF9, 0x00AF9, 0x0001), (0x00AFA, 0x00AFC, 0x0821),
    (0x00AFD, 0x00AFF, 0x0820), (0x00B01, 0x00B03, 0x0821), (0x00B05, 0x00B0C, 0x0001), (0x00B0F, 0x00B10, 0x0001),
    (0x00B13, 0x00B28, 0x0001), (0x00B2A, 0x00B30, 0x0001), (0x00B32, 0x00B33, 0x0001), (0x00B35, 0x00B39, 0x0001),
    (0x00B3C, 0x00B3C, 0x0820), (0x00B3D, 0x00B3D, 0x0001), (0x00B3E, 0x00B44, 0x0821), (0x00B47, 0x00B48, 0x0821),
    (0x00B4B, 0x00B4C, 0x0821), (0x00B4D, 0x00B4D, 0x8820), (0x00B55, 0x00B55, 0x0820), (0x00B56, 0x00B57, 0x0821),
    (0x00B5C, 0x00B5D, 0x0001), (0x00B5F, 0x00B61, 0x0001), (0x00B62, 0x00B63, 0x0821), (0x00B66, 0x00B6F, 0x0010),
    (0x00B70, 0x00B70, 0x0080), (0x00B71, 0x00B71, 0x0001), (0x00B82, 0x00B82, 0x0821), (0x00B83, 0x00B83, 0x0001),
    (0x00B85, 0x00B8A, 0x0001), (0x00B8E, 0x00B90, 0x0001), (0x00B92, 0x00B95, 0x0001), (0x00B99, 0x00B9A, 0x0001),
    (0x00B9C, 0x00B9C, 0x0001), (0x00B9E, 0x00B9F, 0x0001), (0x00BA3, 0x00BA4, 0x0001), (0x00BA8, 0x00BAA, 0x0001),
    (0x00BAE, 0x00BB9, 0x0001), (0x00BBE, 0x00BC2, 0x0821), (0x00BC6, 0x00BC8, 0x0821), (0x00BCA, 0x00BCC, 0x0821),
    (0x00BCD, 0x00BCD, 0x0820), (0x00BD0, 0x00BD0, 0x0001), (0x00BD7, 0x00BD7, 0x0821), (0x00BE6, 0x00BEF, 0x0010),
    (0x00BF3, 0x00BFA, 0x0080), (0x00C00, 0x00C04, 0x0821), (0x00C05, 0x00C0C, 0x0001), (0x00C0E, 0x00C10, 0x0001),
    (0x00C12, 0x00C28, 0x0001), (0x00C2A, 0x00C39, 0x0001), (0x00C3C, 0x00C3C, 0x0820), (0x00C3D, 0x00C3D, 0x0001),
    (0x00C3E, 0x00C44, 0x0821), (0x00C46, 0x00C48, 0x0821), (0x00C4A, 0x00C4C, 0x0821), (0x00C4D, 0x00C4D, 0x8820),
    (0x00C55, 0x00C56, 0x0821), (0x00C58, 0x00C5A, 0x0001), (0x00C5C, 0x00C5D, 0x0001), (0x00C60, 0x00C61, 0x0001),
    (0x00C62, 0x00C63, 0x0821), (0x00C66, 0x00C6F, 0x0010), (0x00C77, 0x00C77, 0x0040), (0x00C7F, 0x00C7F, 0x0080),
    (0x00C80, 0x00C80, 0x0001), (0x00C81, 0x00C83, 0x0821), (0x00C84, 0x00C84, 0x0040), (0x00C85, 0x00C8C, 0x0001),
    (0x00C8E, 0x00C90, 0x0001), (0x00C92, 0x00CA8, 0x0001), (0x00CAA, 0x00CB3, 0x0001), (0x00CB5, 0x00CB9, 0x0001),
    (0x00CBC, 0x00CBC, 0x0820), (0x00CBD, 0x00CBD, 0x0001), (0x00CBE, 0x00CC4, 0x0821), (0x00CC6, 0x00CC8, 0x0821),
    (0x00CCA, 0x00CCC, 0x0821), (0x00CCD, 0x00CCD, 0x0820), (0x00CD5, 0x00CD6, 0x0821), (0x00CDC, 0x00CDE, 0x0001),
    (0x00CE0, 0x00CE1, 0x0001), (0x00CE2, 0x00CE3, 0x0821), (0x00CE6, 0x00CEF, 0x0010), (0x00CF1, 0x00CF2, 0x0001),
    (0x00CF3, 0x00CF3, 0x0821), (0x00D00, 0x00D03, 0x0821), (0x00D04, 0x00D0C, 0x0001), (0x00D0E, 0x00D10, 0x0001),
    (0x00D12, 0x00D3A, 0x0001), (0x00D3B, 0x00D3C, 0x0820), (0x00D3D, 0x00D3D, 0x0001), (0x00D3E, 0x00D44, 0x0821),
    (0x00D46, 0x00D48, 0x0821), (0x00D4A, 0x00D4C, 0x0821), (0x00D4D, 0x00D4D, 0x8820), (0x00D4E, 0x00D4E, 0x5001),
    (0x00D4F, 0x00D4F, 0x0080), (0x00D54, 0x00D56, 0x0001), (0x00D57, 0x00D57, 0x0821), (0x00D5F, 0x00D61, 0x0001),
    (0x00D62, 0x00D63, 0x0821), (0x00D66, 0x00D6F, 0x0010), (0x00D79, 0x00D79, 0x0080), (0x00D7A, 0x00D7F, 0x0001),
    (0x00D81, 0x00D83, 0x0821), (0x00D85, 0x00D96, 0x0001), (0x00D9A, 0x00DB1, 0x0001), (0x00DB3, 0x00DBB, 0x0001),
    (0x00DBD, 0x00DBD, 0x0001), (0x00DC0, 0x00DC6, 0x0001), (0x00DCA, 0x00DCA, 0x0820), (0x00DCF, 0x00DD4, 0x0821),
    (0x00DD6, 0x00DD6, 0x0821), (0x00DD8, 0x00DDF, 0x0821), (0x00DE6, 0x00DEF, 0x0010), (0x00DF2, 0x00DF3, 0x0821),
    (0x00DF4, 0x00DF4, 0x0040), (0x00E01, 0x00E30, 0x0001), (0x00E31, 0x00E31, 0x0821), (0x00E32, 0x00E32, 0x0001),
    (0x00E33, 0x00E33, 0x0801), (0x00E34, 0x00E3A, 0x0821), (0x00E3F, 0x00E3F, 0x0080), (0x00E40, 0x00E46, 0x0001),
    (0x00E47, 0x00E4C, 0x0820), (0x00E4D, 0x00E4D, 0x0821), (0x00E4E, 0x00E4E, 0x0820), (0x00E4F, 0x00E4F, 0x0040),
    (0x00E50, 0x00E59, 0x0010), (0x00E5A, 0x00E5B, 0x0040), (0x00E81, 0x00E82, 0x0001), (0x00E84, 0x00E84, 0x0001),
    (0x00E86, 0x00E8A, 0x0001), (0x00E8C, 0x00EA3, 0x0001), (0x00EA5, 0x00EA5, 0x0001), (0x00EA7, 0x00EB0, 0x0001),
    (0x00EB1, 0x00EB1, 0x0821), (0x00EB2, 0x00EB2, 0x0001), (0x00EB3, 0x00EB3, 0x0801), (0x00EB4, 0x00EB9, 0x0821),
    (0x00EBA, 0x00EBA, 0x0820), (0x00EBB, 0x00EBC, 0x0821), (0x00EBD, 0x00EBD, 0x0001), (0x00EC0, 0x00EC4, 0x0001),
    (0x00EC6, 0x00EC6, 0x0001), (0x00EC8, 0x00ECC, 0x0820), (0x00ECD, 0x00ECD, 0x0821), (0x00ECE, 0x00ECE, 0x0820),
    (0x00ED0, 0x00ED9, 0x0010), (0x00EDC, 0x00EDF, 0x0001), (0x00F00, 0x00F00, 0x0001), (0x00F01, 0x00F03, 0x0080),
    (0x00F04, 0x00F12, 0x0040), (0x00F13, 0x00F13, 0x0080), (0x00F14, 0x00F14, 0x0040), (0x00F15, 0x00F17, 0x0080),
    (0x00F18, 0x00F19, 0x0820), (0x00F1A, 0x00F1F, 0x0080), (0x00F20, 0x00F29, 0x0010), (0x00F34, 0x00F34, 0x0080),
    (0x00F35, 0x00F35, 0x0820), (0x00F36, 0x00F36, 0x0080), (0x00F37, 0x00F37, 0x0820), (0x00F38, 0x00F38, 0x0080),
    (0x00F39, 0x00F39, 0x0820), (0x00F3A, 0x00F3D, 0x0040), (0x00F3E, 0x00F3F, 0x0820), (0x00F40, 0x00F47, 0x0001),
    (0x00F49, 0x00F6C, 0x0001), (0x00F71, 0x00F83, 0x0821), (0x00F84, 0x00F84, 0x0820), (0x00F85, 0x00F85, 0x0040),
    (0x00F86, 0x00F87, 0x0820), (0x00F88, 0x00F8C, 0x0001), (0x00F8D, 0x00F97, 0x0821), (0x00F99, 0x00FBC, 0x0821),
    (0x00FBE, 0x00FC5, 0x0080), (0x00FC6, 0x00FC6, 0x0820), (0x00FC7, 0x00FCC, 0x0080), (0x00FCE, 0x00FCF, 0x0080),
    (0x00FD0, 0x00FD4, 0x0040), (0x00FD5, 0x00FD8, 0x0080), (0x00FD9, 0x00FDA, 0x0040), (0x01000, 0x0102A, 0x0001),
    (0x0102B, 0x0102C, 0x0021), (0x0102D, 0x01036, 0x0821), (0x01037, 0x01037, 0x0820), (0x01038, 0x01038, 0x0021),
    (0x01039, 0x01039, 0x8820), (0x0103A, 0x0103A, 0x0820), (0x0103B, 0x0103E, 0x0821), (0x0103F, 0x0103F, 0x0001),
    (0x01040, 0x01049, 0x0010), (0x0104A, 0x0104F, 0x0040), (0x01050, 0x01055, 0x0001), (0x01056, 0x01059, 0x0821),
    (0x0105A, 0x0105D, 0x0001), (0x0105E, 0x01060, 0x0821), (0x01061, 0x01061, 0x0001), (0x01062, 0x01064, 0x0021),
    (0x01065, 0x01066, 0x0001), (0x01067, 0x0106D, 0x0021), (0x0106E, 0x01070, 0x0001), (0x01071, 0x01074, 0x0821),
    (0x01075, 0x01081, 0x0001), (0x01082, 0x01082, 0x0821), (0x01083, 0x01083, 0x0021), (0x01084, 0x01086, 0x0821),
    (0x01087, 0x0108C, 0x0021), (0x0108D, 0x0108D, 0x0821), (0x0108E, 0x0108E, 0x0001), (0x0108F, 0x0108F, 0x0021),
    (0x01090, 0x01099, 0x0010), (0x0109A, 0x0109C, 0x0021), (0x0109D, 0x0109D, 0x0821), (0x0109E, 0x0109F, 0x0080),
    (0x010A0, 0x010C5, 0x0003), (0x010C7, 0x010C7, 0x0003), (0x010CD, 0x010CD, 0x0003), (0x010D0, 0x010FA, 0x0005),
    (0x010FB, 0x010FB, 0x0040), (0x010FC, 0x010FF, 0x0005), (0x01100, 0x011FF, 0x1001), (0x01200, 0x01248, 0x0001),
    (0x0124A, 0x0124D, 0x0001), (0x01250, 0x01256, 0x0001), (0x01258, 0x01258, 0x0001), (0x0125A, 0x0125D, 0x0001),
    (0x01260, 0x01288, 0x0001), (0x0128A, 0x0128D, 0x0001), (0x01290, 0x012B0, 0x0001), (0x012B2, 0x012B5, 0x0001),
    (0x012B8, 0x012BE, 0x0001), (0x012C0, 0x012C0, 0x0001), (0x012C2, 0x012C5, 0x0001), (0x012C8, 0x012D6, 0x0001),
    (0x012D8, 0x01310, 0x0001), (0x01312, 0x01315, 0x0001), (0x01318, 0x0135A, 0x0001), (0x0135D, 0x0135F, 0x0820),
    (0x01360, 0x01368, 0x0040), (0x01380, 0x0138F, 0x0001), (0x01390, 0x01399, 0x0080), (0x013A0, 0x013F5, 0x0003),
    (0x013F8, 0x013FD, 0x0005), (0x01400, 0x01400, 0x0040), (0x01401, 0x0166C, 0x0001), (0x0166D, 0x0166D, 0x0080),
    (0x0166E, 0x0166E, 0x0040), (0x0166F, 0x0167F, 0x0001), (0x01680, 0x01680, 0x0008), (0x01681, 0x0169A, 0x0001),
    (0x0169B, 0x0169C, 0x0040), (0x016A0, 0x016EA, 0x0001), (0x016EB, 0x016ED, 0x0040), (0x016EE, 0x016F8, 0x0001),
    (0x01700, 0x01711, 0x0001), (0x01712, 0x01713, 0x0821), (0x01714, 0x01715, 0x0820), (0x0171F, 0x01731, 0x0001),
    (0x01732, 0x01733, 0x0821), (0x01734, 0x01734, 0x0820), (0x01735, 0x01736, 0x0040), (0x01740, 0x01751, 0x0001),
    (0x01752, 0x01753, 0x0821), (0x01760, 0x0176C, 0x0001), (0x0176E, 0x01770, 0x0001), (0x01772, 0x01773, 0x0821),
    (0x01780, 0x017B3, 0x0001), (0x017B4, 0x017B5, 0x0820), (0x017B6, 0x017C8, 0x0821), (0x017C9, 0x017D1, 0x0820),
    (0x017D2, 0x017D2, 0x8820), (0x017D3, 0x017D3, 0x0820), (0x017D4, 0x017D6, 0x0040), (0x017D7, 0x017D7, 0x0001),
    (0x017D8, 0x017DA, 0x0040), (0x017DB, 0x017DB, 0x0080), (0x017DC, 0x017DC, 0x0001), (0x017DD, 0x017DD, 0x0820),
    (0x017E0, 0x017E9, 0x0010), (0x01800, 0x0180A, 0x0040), (0x0180B, 0x0180D, 0x0820), (0x0180E, 0x0180E, 0x3200),
    (0x0180F, 0x0180F, 0x0820), (0x01810, 0x01819, 0x0010), (0x01820, 0x01878, 0x0001), (0x01880, 0x01884, 0x0001),
    (0x01885, 0x01886, 0x0821), (0x01887, 0x018A8, 0x0001), (0x018A9, 0x018A9, 0x0821), (0x018AA, 0x018AA, 0x0001),
    (0x018B0, 0x018F5, 0x0001), (0x01900, 0x0191E, 0x0001), (0x01920, 0x0192B, 0x0821), (0x01930, 0x01938, 0x0821),
    (0x01939, 0x0193B, 0x0820), (0x01940, 0x01940, 0x0080), (0x01944, 0x01945, 0x0040), (0x01946, 0x0194F, 0x0010),
    (0x01950, 0x0196D, 0x0001), (0x01970, 0x01974, 0x0001), (0x01980, 0x019AB, 0x0001), (0x019B0, 0x019C9, 0x0001),
    (0x019D0, 0x019D9, 0x0010), (0x019DE, 0x019FF, 0x0080), (0x01A00, 0x01A16, 0x0001), (0x01A17, 0x01A1B, 0x0821),
    (0x01A1E, 0x01A1F, 0x0040), (0x01A20, 0x01A54, 0x0001), (0x01A55, 0x01A5E, 0x0821), (0x01A60, 0x01A60, 0x8820),
    (0x01A61, 0x01A61, 0x0021), (0x01A62, 0x01A62, 0x0821), (0x01A63, 0x01A64, 0x0021), (0x01A65, 0x01A74, 0x0821),
    (0x01A75, 0x01A7C, 0x0820), (0x01A7F, 0x01A7F, 0x0820), (0x01A80, 0x01A89, 0x0010), (0x01A90, 0x01A99, 0x0010),
    (0x01AA0, 0x01AA6, 0x0040), (0x01AA7, 0x01AA7, 0x0001), (0x01AA8, 0x01AAD, 0x0040), (0x01AB0, 0x01ABE, 0x0820),
    (0x01ABF, 0x01AC0, 0x0821), (0x01AC1, 0x01ACB, 0x0820), (0x01ACC, 0x01ACE, 0x0821), (0x01ACF, 0x01ADD, 0x0820),
    (0x01AE0, 0x01AEB, 0x0820), (0x01B00, 0x01B04, 0x0821), (0x01B05, 0x01B33, 0x0001), (0x01B34, 0x01B34, 0x0820),
    (0x01B35, 0x01B43, 0x0821), (0x01B44, 0x01B44, 0x8820), (0x01B45, 0x01B4C, 0x0001), (0x01B4E, 0x01B4F, 0x0040),
    (0x01B50, 0x01B59, 0x0010), (0x01B5A, 0x01B60, 0x0040), (0x01B61, 0x01B6A, 0x0080), (0x01B6B, 0x01B73, 0x0820),
    (0x01B74, 0x01B7C, 0x0080), (0x01B7D, 0x01B7F, 0x0040), (0x01B80, 0x01B82, 0x0821), (0x01B83, 0x01BA0, 0x0001),
    (0x01BA1, 0x01BA9, 0x0821), (0x01BAA, 0x01BAA, 0x0820), (0x01BAB, 0x01BAB, 0x8820), (0x01BAC, 0x01BAD, 0x0821),
    (0x01BAE, 0x01BAF, 0x0001), (0x01BB0, 0x01BB9, 0x0010), (0x01BBA, 0x01BE5, 0x0001), (0x01BE6, 0x01BE6, 0x0820),
    (0x01BE7, 0x01BF1, 0x0821), (0x01BF2, 0x01BF3, 0x0820), (0x01BFC, 0x01BFF, 0x0040), (0x01C00, 0x01C23, 0x0001),
    (0x01C24, 0x01C36, 0x0821), (0x01C37, 0x01C37, 0x0820), (0x01C3B, 0x01C3F, 0x0040), (0x01C40, 0x01C49, 0x0010),
    (0x01C4D, 0x01C4F, 0x0001), (0x01C50, 0x01C59, 0x0010), (0x01C5A, 0x01C7D, 0x0001), (0x01C7E, 0x01C7F, 0x0040),
    (0x01C80, 0x01C88, 0x0005), (0x01C89, 0x01C89, 0x0003), (0x01C8A, 0x01C8A, 0x0005), (0x01C90, 0x01CBA, 0x0003),
    (0x01CBD, 0x01CBF, 0x0003), (0x01CC0, 0x01CC7, 0x0040), (0x01CD0, 0x01CD2, 0x0820), (0x01CD3, 0x01CD3, 0x0040),
    (0x01CD4, 0x01CE8, 0x0820), (0x01CE9, 0x01CEC, 0x0001), (0x01CED, 0x01CED, 0x0820), (0x01CEE, 0x01CF3, 0x0001),
    (0x01CF4, 0x01CF4, 0x0820), (0x01CF5, 0x01CF6, 0x0001), (0x01CF7, 0x01CF9, 0x0820), (0x01CFA, 0x01CFA, 0x0001),
    (0x01D00, 0x01DBF, 0x0005), (0x01DC0, 0x01DD2, 0x0820), (0x01DD3, 0x01DF4, 0x0821), (0x01DF5, 0x01DFF, 0x0820),
    (0x01E00, 0x01E00, 0x0003), (0x01E01, 0x01E01, 0x0005), (0x01E02, 0x01E02, 0x0003), (0x01E03, 0x01E03, 0x0005),
    (0x01E04, 0x01E04, 0x0003), (0x01E05, 0x01E05, 0x0005), (0x01E06, 0x01E06, 0x0003), (0x01E07, 0x01E07, 0x0005),
    (0x01E08, 0x01E08, 0x0003), (0x01E09, 0x01E09, 0x0005), (0x01E0A, 0x01E0A, 0x0003), (0x01E0B, 0x01E0B, 0x0005),
    (0x01E0C, 0x01E0C, 0x0003), (0x01E0D, 0x01E0D, 0x0005), (0x01E0E, 0x01E0E, 0x0003), (0x01E0F, 0x01E0F, 0x0005),
    (0x01E10, 0x01E10, 0x0003), (0x01E11, 0x01E11, 0x0005), (0x01E12, 0x01E12, 0x0003), (0x01E13, 0x01E13, 0x0005),
    (0x01E14, 0x01E14, 0x0003), (0x01E15, 0x01E15, 0x0005), (0x01E16, 0x01E16, 0x0003), (0x01E17, 0x01E17, 0x0005),
    (0x01E18, 0x01E18, 0x0003), (0x01E19, 0x01E19, 0x0005), (0x01E1A, 0x01E1A, 0x0003), (0x01E1B, 0x01E1B, 0x0005),
    (0x01E1C, 0x01E1C, 0x0003), (0x01E1D, 0x01E1D, 0x0005), (0x01E1E, 0x01E1E, 0x0003), (0x01E1F, 0x01E1F, 0x0005),
    (0x01E20, 0x01E20, 0x0003), (0x01E21, 0x01E21, 0x0005), (0x01E22, 0x01E22, 0x0003), (0x01E23, 0x01E23, 0x0005),
    (0x01E24, 0x01E24, 0x0003), (0x01E25, 0x01E25, 0x0005), (0x01E26, 0x01E26, 0x0003), (0x01E27, 0x01E27, 0x0005),
    (0x01E28, 0x01E28, 0x0003), (0x01E29, 0x01E29, 0x0005), (0x01E2A, 0x01E2A, 0x0003), (0x01E2B, 0x01E2B, 0x0005),
    (0x01E2C, 0x01E2C, 0x0003), (0x01E2D, 0x01E2D, 0x0005), (0x01E2E, 0x01E2E, 0x0003), (0x01E2F, 0x01E2F, 0x0005),
    (0x01E30, 0x01E30, 0x0003), (0x01E31, 0x01E31, 0x0005), (0x01E32, 0x01E32, 0x0003), (0x01E33, 0x01E33, 0x0005),
    (0x01E34, 0x01E34, 0x0003), (0x01E35, 0x01E35, 0x0005), (0x01E36, 0x01E36, 0x0003), (0x01E37, 0x01E37, 0x0005),
    (0x01E38, 0x01E38, 0x0003), (0x01E39, 0x01E39, 0x0005), (0x01E3A, 0x01E3A, 0x0003), (0x01E3B, 0x01E3B, 0x0005),
    (0x01E3C, 0x01E3C, 0x0003), (0x01E3D, 0x01E3D, 0x0005), (0x01E3E, 0x01E3E, 0x0003), (0x01E3F, 0x01E3F, 0x0005),
    (0x01E40, 0x01E40, 0x0003), (0x01E41, 0x01E41, 0x0005), (0x01E42, 0x01E42, 0x0003), (0x01E43, 0x01E43, 0x0005),
    (0x01E44, 0x01E44, 0x0003), (0x01E45, 0x01E45, 0x0005), (0x01E46, 0x01E46, 0x0003), (0x01E47, 0x01E47, 0x0005),
    (0x01E48, 0x01E48, 0x0003), (0x01E49, 0x01E49, 0x0005), (0x01E4A, 0x01E4A, 0x0003), (0x01E4B, 0x01E4B, 0x0005),
    (0x01E4C, 0x01E4C, 0x0003), (0x01E4D, 0x01E4D, 0x0005), (0x01E4E, 0x01E4E, 0x0003), (0x01E4F, 0x01E4F, 0x0005),
    (0x01E50, 0x01E50, 0x0003), (0x01E51, 0x01E51, 0x0005), (0x01E52, 0x01E52, 0x0003), (0x01E53, 0x01E53, 0x0005),
    (0x01E54, 0x01E54, 0x0003), (0x01E55, 0x01E55, 0x0005), (0x01E56, 0x01E56, 0x0003), (0x01E57, 0x01E57, 0x0005),
    (0x01E58, 0x01E58, 0x0003), (0x01E59, 0x01E59, 0x0005), (0x01E5A, 0x01E5A, 0x0003), (0x01E5B, 0x01E5B, 0x0005),
    (0x01E5C, 0x01E5C, 0x0003), (0x01E5D, 0x01E5D, 0x0005), (0x01E5E, 0x01E5E, 0x0003), (0x01E5F, 0x01E5F, 0x0005),
    (0x01E60, 0x01E60, 0x0003), (0x01E61, 0x01E61, 0x0005), (0x01E62, 0x01E62, 0x0003), (0x01E63, 0x01E63, 0x0005),
    (0x01E64, 0x01E64, 0x0003), (0x01E65, 0x01E65, 0x0005), (0x01E66, 0x01E66, 0x0003), (0x01E67, 0x01E67, 0x0005),
    (0x01E68, 0x01E68, 0x0003), (0x01E69, 0x01E69, 0x0005), (0x01E6A, 0x01E6A, 0x0003), (0x01E6B, 0x01E6B, 0x0005),
    (0x01E6C, 0x01E6C, 0x0003), (0x01E6D, 0x01E6D, 0x0005), (0x01E6E, 0x01E6E, 0x0003), (0x01E6F, 0x01E6F, 0x0005),
    (0x01E70, 0x01E70, 0x0003), (0x01E71, 0x01E71, 0x0005), (0x01E72, 0x01E72, 0x0003), (0x01E73, 0x01E73, 0x0005),
    (0x01E74, 0x01E74, 0x0003), (0x01E75, 0x01E75, 0x0005), (0x01E76, 0x01E76, 0x0003), (0x01E77, 0x01E77, 0x0005),
    (0x01E78, 0x01E78, 0x0003), (0x01E79, 0x01E79, 0x0005), (0x01E7A, 0x01E7A, 0x0003), (0x01E7B, 0x01E7B, 0x0005),
    (0x01E7C, 0x01E7C, 0x0003), (0x01E7D, 0x01E7D, 0x0005), (0x01E7E, 0x01E7E, 0x0003), (0x01E7F, 0x01E7F, 0x0005),
    (0x01E80, 0x01E80, 0x0003), (0x01E81, 0x01E81, 0x0005), (0x01E82, 0x01E82, 0x0003), (0x01E83, 0x01E83, 0x0005),
    (0x01E84, 0x01E84, 0x0003), (0x01E85, 0x01E85, 0x0005), (0x01E86, 0x01E86, 0x0003), (0x01E87, 0x01E87, 0x0005),
    (0x01E88, 0x01E88, 0x0003), (0x01E89, 0x01E89, 0x0005), (0x01E8A, 0x01E8A, 0x0003), (0x01E8B, 0x01E8B, 0x0005),
    (0x01E8C, 0x01E8C, 0x0003), (0x01E8D, 0x01E8D, 0x0005), (0x01E8E, 0x01E8E, 0x0003), (0x01E8F, 0x01E8F, 0x0005),
    (0x01E90, 0x01E90, 0x0003), (0x01E91, 0x01E91, 0x0005), (0x01E92, 0x01E92, 0x0003), (0x01E93, 0x01E93, 0x0005),
    (0x01E94, 0x01E94, 0x0003), (0x01E95, 0x01E9D, 0x0005), (0x01E9E, 0x01E9E, 0x0003), (0x01E9F, 0x01E9F, 0x0005),
    (0x01EA0, 0x01EA0, 0x0003), (0x01EA1, 0x01EA1, 0x0005), (0x01EA2, 0x01EA2, 0x0003), (0x01EA3, 0x01EA3, 0x0005),
    (0x01EA4, 0x01EA4, 0x0003), (0x01EA5, 0x01EA5, 0x0005), (0x01EA6, 0x01EA6, 0x0003), (0x01EA7, 0x01EA7, 0x0005),
    (0x01EA8, 0x01EA8, 0x0003), (0x01EA9, 0x01EA9, 0x0005), (0x01EAA, 0x01EAA, 0x0003), (0x01EAB, 0x01EAB, 0x0005),
    (0x01EAC, 0x01EAC, 0x0003), (0x01EAD, 0x01EAD, 0x0005), (0x01EAE, 0x01EAE, 0x0003), (0x01EAF, 0x01EAF, 0x0005),
    (0x01EB0, 0x01EB0, 0x0003), (0x01EB1, 0x01EB1, 0x0005), (0x01EB2, 0x01EB2, 0x0003), (0x01EB3, 0x01EB3, 0x0005),
    (0x01EB4, 0x01EB4, 0x0003), (0x01EB5, 0x01EB5, 0x0005), (0x01EB6, 0x01EB6, 0x0003), (0x01EB7, 0x01EB7, 0x0005),
    (0x01EB8, 0x01EB8, 0x0003), (0x01EB9, 0x01EB9, 0x0005), (0x01EBA, 0x01EBA, 0x0003), (0x01EBB, 0x01EBB, 0x0005),
    (0x01EBC, 0x01EBC, 0x0003), (0x01EBD, 0x01EBD, 0x0005), (0x01EBE, 0x01EBE, 0x0003), (0x01EBF, 0x01EBF, 0x0005),
    (0x01EC0, 0x01EC0, 0x0003), (0x01EC1, 0x01EC1, 0x0005), (0x01EC2, 0x01EC2, 0x0003), (0x01EC3, 0x01EC3, 0x0005),
    (0x01EC4, 0x01EC4, 0x0003), (0x01EC5, 0x01EC5, 0x0005), (0x01EC6, 0x01EC6, 0x0003), (0x01EC7, 0x01EC7, 0x0005),
    (0x01EC8, 0x01EC8, 0x0003), (0x01EC9, 0x01EC9, 0x0005), (0x01ECA, 0x01ECA, 0x0003), (0x01ECB, 0x01ECB, 0x0005),
    (0x01ECC, 0x01ECC, 0x0003), (0x01ECD, 0x01ECD, 0x0005), (0x01ECE, 0x01ECE, 0x0003), (0x01ECF, 0x01ECF, 0x0005),
    (0x01ED0, 0x01ED0, 0x0003), (0x01ED1, 0x01ED1, 0x0005), (0x01ED2, 0x01ED2, 0x0003), (0x01ED3, 0x01ED3, 0x0005),
    (0x01ED4, 0x01ED4, 0x0003), (0x01ED5, 0x01ED5, 0x0005), (0x01ED6, 0x01ED6, 0x0003), (0x01ED7, 0x01ED7, 0x0005),
    (0x01ED8, 0x01ED8, 0x0003), (0x01ED9, 0x01ED9, 0x0005), (0x01EDA, 0x01EDA, 0x0003), (0x01EDB, 0x01EDB, 0x0005),
    (0x01EDC, 0x01EDC, 0x0003), (0x01EDD, 0x01EDD, 0x0005), (0x01EDE, 0x01EDE, 0x0003), (0x01EDF, 0x01EDF, 0x0005),
    (0x01EE0, 0x01EE0, 0x0003), (0x01EE1, 0x01EE1, 0x0005), (0x01EE2, 0x01EE2, 0x0003), (0x01EE3, 0x01EE3, 0x0005),
    (0x01EE4, 0x01EE4, 0x0003), (0x01EE5, 0x01EE5, 0x0005), (0x01EE6, 0x01EE6, 0x0003), (0x01EE7, 0x01EE7, 0x0005),
    (0x01EE8, 0x01EE8, 0x0003), (0x01EE9, 0x01EE9, 0x0005), (0x01EEA, 0x01EEA, 0x0003), (0x01EEB, 0x01EEB, 0x0005),
    (0x01EEC, 0x01EEC, 0x0003), (0x01EED, 0x01EED, 0x0005), (0x01EEE, 0x01EEE, 0x0003), (0x01EEF, 0x01EEF, 0x0005),
    (0x01EF0, 0x01EF0, 0x0003), (0x01EF1, 0x01EF1, 0x0005), (0x01EF2, 0x01EF2, 0x0003), (0x01EF3, 0x01EF3, 0x0005),
    (0x01EF4, 0x01EF4, 0x0003), (0x01EF5, 0x01EF5, 0x0005), (0x01EF6, 0x01EF6, 0x0003), (0x01EF7, 0x01EF7, 0x0005),
    (0x01EF8, 0x01EF8, 0x0003), (0x01EF9, 0x01EF9, 0x0005), (0x01EFA, 0x01EFA, 0x0003), (0x01EFB, 0x01EFB, 0x0005),
    (0x01EFC, 0x01EFC, 0x0003), (0x01EFD, 0x01EFD, 0x0005), (0x01EFE, 0x01EFE, 0x0003), (0x01EFF, 0x01F07, 0x0005),
    (0x01F08, 0x01F0F, 0x0003), (0x01F10, 0x01F15, 0x0005), (0x01F18, 0x01F1D, 0x0003), (0x01F20, 0x01F27, 0x0005),
    (0x01F28, 0x01F2F, 0x0003), (0x01F30, 0x01F37, 0x0005), (0x01F38, 0x01F3F, 0x0003), (0x01F40, 0x01F45, 0x0005),
    (0x01F48, 0x01F4D, 0x0003), (0x01F50, 0x01F57, 0x0005), (0x01F59, 0x01F59, 0x0003), (0x01F5B, 0x01F5B, 0x0003),
    (0x01F5D, 0x01F5D, 0x0003), (0x01F5F, 0x01F5F, 0x0003), (0x01F60, 0x01F67, 0x0005), (0x01F68, 0x01F6F, 0x0003),
    (0x01F70, 0x01F7D, 0x0005), (0x01F80, 0x01F87, 0x0005), (0x01F88, 0x01F8F, 0x0001), (0x01F90, 0x01F97, 0x0005),
    (0x01F98, 0x01F9F, 0x0001), (0x01FA0, 0x01FA7, 0x0005), (0x01FA8, 0x01FAF, 0x0001), (0x01FB0, 0x01FB4, 0x0005),
    (0x01FB6, 0x01FB7, 0x0005), (0x01FB8, 0x01FBB, 0x0003), (0x01FBC, 0x01FBC, 0x0001), (0x01FBD, 0x01FBD, 0x0080),
    (0x01FBE, 0x01FBE, 0x0005), (0x01FBF, 0x01FC1, 0x0080), (0x01FC2, 0x01FC4, 0x0005), (0x01FC6, 0x01FC7, 0x0005),
    (0x01FC8, 0x01FCB, 0x0003), (0x01FCC, 0x01FCC, 0x0001), (0x01FCD, 0x01FCF, 0x0080), (0x01FD0, 0x01FD3, 0x0005),
    (0x01FD6, 0x01FD7, 0x0005), (0x01FD8, 0x01FDB, 0x0003), (0x01FDD, 0x01FDF, 0x0080), (0x01FE0, 0x01FE7, 0x0005),
    (0x01FE8, 0x01FEC, 0x0003), (0x01FED, 0x01FEF, 0x0080), (0x01FF2, 0x01FF4, 0x0005), (0x01FF6, 0x01FF7, 0x0005),
    (0x01FF8, 0x01FFB, 0x0003), (0x01FFC, 0x01FFC, 0x0001), (0x01FFD, 0x01FFE, 0x0080), (0x02000, 0x0200A, 0x0008),
    (0x0200B, 0x0200B, 0x3200), (0x0200C, 0x0200D, 0x0A00), (0x0200E, 0x0200F, 0x3200), (0x02010, 0x02027, 0x0040),
    (0x02028, 0x02029, 0x3008), (0x0202A, 0x0202E, 0x3200), (0x0202F, 0x0202F, 0x0008), (0x02030, 0x0203B, 0x0040),
    (0x0203C, 0x0203C, 0x1040), (0x0203D, 0x02043, 0x0040), (0x02044, 0x02044, 0x0080), (0x02045, 0x02048, 0x0040),
    (0x02049, 0x02049, 0x1040), (0x0204A, 0x02051, 0x0040), (0x02052, 0x02052, 0x0080), (0x02053, 0x0205E, 0x0040),
    (0x0205F, 0x0205F, 0x0008), (0x02060, 0x02064, 0x3200), (0x02065, 0x02065, 0x3000), (0x02066, 0x0206F, 0x3200),
    (0x02071, 0x02071, 0x0005), (0x0207A, 0x0207C, 0x0080), (0x0207D, 0x0207E, 0x0040), (0x0207F, 0x0207F, 0x0005),
    (0x0208A, 0x0208C, 0x0080), (0x0208D, 0x0208E, 0x0040), (0x02090, 0x0209C, 0x0005), (0x020A0, 0x020C1, 0x0080),
    (0x020D0, 0x020F0, 0x0820), (0x02100, 0x02101, 0x0080), (0x02102, 0x02102, 0x0003), (0x02103, 0x02106, 0x0080),
    (0x02107, 0x02107, 0x0003), (0x02108, 0x02109, 0x0080), (0x0210A, 0x0210A, 0x0005), (0x0210B, 0x0210D, 0x0003),
    (0x0210E, 0x0210F, 0x0005), (0x02110, 0x02112, 0x0003), (0x02113, 0x02113, 0x0005), (0x02114, 0x02114, 0x0080),
    (0x02115, 0x02115, 0x0003), (0x02116, 0x02118, 0x0080), (0x02119, 0x0211D, 0x0003), (0x0211E, 0x02121, 0x0080),
    (0x02122, 0x02122, 0x1080), (0x02123, 0x02123, 0x0080), (0x02124, 0x02124, 0x0003), (0x02125, 0x02125, 0x0080),
    (0x02126, 0x02126, 0x0003), (0x02127, 0x02127, 0x0080), (0x02128, 0x02128, 0x0003), (0x02129, 0x02129, 0x0080),
    (0x0212A, 0x0212D, 0x0003), (0x0212E, 0x0212E, 0x0080), (0x0212F, 0x0212F, 0x0005), (0x02130, 0x02133, 0x0003),
    (0x02134, 0x02134, 0x0005), (0x02135, 0x02138, 0x0001), (0x02139, 0x02139, 0x1005), (0x0213A, 0x0213B, 0x0080),
    (0x0213C, 0x0213D, 0x0005), (0x0213E, 0x0213F, 0x0003), (0x02140, 0x02144, 0x0080), (0x02145, 0x02145, 0x0003),
    (0x02146, 0x02149, 0x0005), (0x0214A, 0x0214D, 0x0080), (0x0214E, 0x0214E, 0x0005), (0x0214F, 0x0214F, 0x0080),
    (0x02160, 0x0216F, 0x0003), (0x02170, 0x0217F, 0x0005), (0x02180, 0x02182, 0x0001), (0x02183, 0x02183, 0x0003),
    (0x02184, 0x02184, 0x0005), (0x02185, 0x02188, 0x0001), (0x0218A, 0x0218B, 0x0080), (0x02190, 0x02193, 0x0080),
    (0x02194, 0x02199, 0x1080), (0x0219A, 0x021A8, 0x0080), (0x021A9, 0x021AA, 0x1080), (0x021AB, 0x02307, 0x0080),
    (0x02308, 0x0230B, 0x0040), (0x0230C, 0x02319, 0x0080), (0x0231A, 0x0231B, 0x1080), (0x0231C, 0x02327, 0x0080),
    (0x02328, 0x02328, 0x1080), (0x02329, 0x0232A, 0x0040), (0x0232B, 0x023CE, 0x0080), (0x023CF, 0x023CF, 0x1080),
    (0x023D0, 0x023E8, 0x0080), (0x023E9, 0x023F3, 0x1080), (0x023F4, 0x023F7, 0x0080), (0x023F8, 0x023FA, 0x1080),
    (0x023FB, 0x02429, 0x0080), (0x02440, 0x0244A, 0x0080), (0x0249C, 0x024B5, 0x0080), (0x024B6, 0x024C1, 0x0083),
    (0x024C2, 0x024C2, 0x1083), (0x024C3, 0x024CF, 0x0083), (0x024D0, 0x024E9, 0x0085), (0x02500, 0x025A9, 0x0080),
    (0x025AA, 0x025AB, 0x1080), (0x025AC, 0x025B5, 0x0080), (0x025B6, 0x025B6, 0x1080), (0x025B7, 0x025BF, 0x0080),
    (0x025C0, 0x025C0, 0x1080), (0x025C1, 0x025FA, 0x0080), (0x025FB, 0x025FE, 0x1080), (0x025FF, 0x025FF, 0x0080),
    (0x02600, 0x02604, 0x1080), (0x02605, 0x0260D, 0x0080), (0x0260E, 0x0260E, 0x1080), (0x0260F, 0x02610, 0x0080),
    (0x02611, 0x02611, 0x1080), (0x02612, 0x02613, 0x0080), (0x02614, 0x02615, 0x1080), (0x02616, 0x02617, 0x0080),
    (0x02618, 0x02618, 0x1080), (0x02619, 0x0261C, 0x0080), (0x0261D, 0x0261D, 0x1080), (0x0261E, 0x0261F, 0x0080),
    (0x02620, 0x02620, 0x1080), (0x02621, 0x02621, 0x0080), (0x02622, 0x02623, 0x1080), (0x02624, 0x02625, 0x0080),
    (0x02626, 0x02626, 0x1080), (0x02627, 0x02629, 0x0080), (0x0262A, 0x0262A, 0x1080), (0x0262B, 0x0262D, 0x0080),
    (0x0262E, 0x0262F, 0x1080), (0x02630, 0x02637, 0x0080), (0x02638, 0x0263A, 0x1080), (0x0263B, 0x0263F, 0x0080),
    (0x02640, 0x02640, 0x1080), (0x02641, 0x02641, 0x0080), (0x02642, 0x02642, 0x1080), (0x02643, 0x02647, 0x0080),
    (0x02648, 0x02653, 0x1080), (0x02654, 0x0265E, 0x0080), (0x0265F, 0x02660, 0x1080), (0x02661, 0x02662, 0x0080),
    (0x02663, 0x02663, 0x1080), (0x02664, 0x02664, 0x0080), (0x02665, 0x02666, 0x1080), (0x02667, 0x02667, 0x0080),
    (0x02668, 0x02668, 0x1080), (0x02669, 0x0267A, 0x0080), (0x0267B, 0x0267B, 0x1080), (0x0267C, 0x0267D, 0x0080),
    (0x0267E, 0x0267F, 0x1080), (0x02680, 0x02691, 0x0080), (0x02692, 0x02697, 0x1080), (0x02698, 0x02698, 0x0080),
    (0x02699, 0x02699, 0x1080), (0x0269A, 0x0269A, 0x0080), (0x0269B, 0x0269C, 0x1080), (0x0269D, 0x0269F, 0x0080),
    (0x026A0, 0x026A1, 0x1080), (0x026A2, 0x026A6, 0x0080), (0x026A7, 0x026A7, 0x1080), (0x026A8, 0x026A9, 0x0080),
    (0x026AA, 0x026AB, 0x1080), (0x026AC, 0x026AF, 0x0080), (0x026B0, 0x026B1, 0x1080), (0x026B2, 0x026BC, 0x0080),
    (0x026BD, 0x026BE, 0x1080), (0x026BF, 0x026C3, 0x0080), (0x026C4, 0x026C5, 0x1080), (0x026C6, 0x026C7, 0x0080),
    (0x026C8, 0x026C8, 0x1080), (0x026C9, 0x026CD, 0x0080), (0x026CE, 0x026CF, 0x1080), (0x026D0, 0x026D0, 0x0080),
    (0x026D1, 0x026D1, 0x1080), (0x026D2, 0x026D2, 0x0080), (0x026D3, 0x026D4, 0x1080), (0x026D5, 0x026E8, 0x0080),
    (0x026E9, 0x026EA, 0x1080), (0x026EB, 0x026EF, 0x0080), (0x026F0, 0x026F5, 0x1080), (0x026F6, 0x026F6, 0x0080),
    (0x026F7, 0x026FA, 0x1080), (0x026FB, 0x026FC, 0x0080), (0x026FD, 0x026FD, 0x1080), (0x026FE, 0x02701, 0x0080),
    (0x02702, 0x02702, 0x1080), (0x02703, 0x02704, 0x0080), (0x02705, 0x02705, 0x1080), (0x02706, 0x02707, 0x0080),
    (0x02708, 0x0270D, 0x1080), (0x0270E, 0x0270E, 0x0080), (0x0270F, 0x0270F, 0x1080), (0x02710, 0x02711, 0x0080),
    (0x02712, 0x02712, 0x1080), (0x02713, 0x02713, 0x0080), (0x02714, 0x02714, 0x1080), (0x02715, 0x02715, 0x0080),
    (0x02716, 0x02716, 0x1080), (0x02717, 0x0271C, 0x0080), (0x0271D, 0x0271D, 0x1080), (0x0271E, 0x02720, 0x0080),
    (0x02721, 0x02721, 0x1080), (0x02722, 0x02727, 0x0080), (0x02728, 0x02728, 0x1080), (0x02729, 0x02732, 0x0080),
    (0x02733, 0x02734, 0x1080), (0x02735, 0x02743, 0x0080), (0x02744, 0x02744, 0x1080), (0x02745, 0x02746, 0x0080),
    (0x02747, 0x02747, 0x1080), (0x02748, 0x0274B, 0x0080), (0x0274C, 0x0274C, 0x1080), (0x0274D, 0x0274D, 0x0080),
    (0x0274E, 0x0274E, 0x1080), (0x0274F, 0x02752, 0x0080), (0x02753, 0x02755, 0x1080), (0x02756, 0x02756, 0x0080),
    (0x02757, 0x02757, 0x1080), (0x02758, 0x02762, 0x0080), (0x02763, 0x02764, 0x1080), (0x02765, 0x02767, 0x0080),
    (0x02768, 0x02775, 0x0040), (0x02794, 0x02794, 0x0080), (0x02795, 0x02797, 0x1080), (0x02798, 0x027A0, 0x0080),
    (0x027A1, 0x027A1, 0x1080), (0x027A2, 0x027AF, 0x0080), (0x027B0, 0x027B0, 0x1080), (0x027B1, 0x027BE, 0x0080),
    (0x027BF, 0x027BF, 0x1080), (0x027C0, 0x027C4, 0x0080), (0x027C5, 0x027C6, 0x0040), (0x027C7, 0x027E5, 0x0080),
    (0x027E6, 0x027EF, 0x0040), (0x027F0, 0x02933, 0x0080), (0x02934, 0x02935, 0x1080), (0x02936, 0x02982, 0x0080),
    (0x02983, 0x02998, 0x0040), (0x02999, 0x029D7, 0x0080), (0x029D8, 0x029DB, 0x0040), (0x029DC, 0x029FB, 0x0080),
    (0x029FC, 0x029FD, 0x0040), (0x029FE, 0x02B04, 0x0080), (0x02B05, 0x02B07, 0x1080), (0x02B08, 0x02B1A, 0x0080),
    (0x02B1B, 0x02B1C, 0x1080), (0x02B1D, 0x02B4F, 0x0080), (0x02B50, 0x02B50, 0x1080), (0x02B51, 0x02B54, 0x0080),
    (0x02B55, 0x02B55, 0x1080), (0x02B56, 0x02B73, 0x0080), (0x02B76, 0x02BFF, 0x0080), (0x02C00, 0x02C2F, 0x0003),
    (0x02C30, 0x02C5F, 0x0005), (0x02C60, 0x02C60, 0x0003), (0x02C61, 0x02C61, 0x0005), (0x02C62, 0x02C64, 0x0003),
    (0x02C65, 0x02C66, 0x0005), (0x02C67, 0x02C67, 0x0003), (0x02C68, 0x02C68, 0x0005), (0x02C69, 0x02C69, 0x0003),
    (0x02C6A, 0x02C6A, 0x0005), (0x02C6B, 0x02C6B, 0x0003), (0x02C6C, 0x02C6C, 0x0005), (0x02C6D, 0x02C70, 0x0003),
    (0x02C71, 0x02C71, 0x0005), (0x02C72, 0x02C72, 0x0003), (0x02C73, 0x02C74, 0x0005), (0x02C75, 0x02C75, 0x0003),
    (0x02C76, 0x02C7D, 0x0005), (0x02C7E, 0x02C80, 0x0003), (0x02C81, 0x02C81, 0x0005), (0x02C82, 0x02C82, 0x0003),
    (0x02C83, 0x02C83, 0x0005), (0x02C84, 0x02C84, 0x0003), (0x02C85, 0x02C85, 0x0005), (0x02C86, 0x02C86, 0x0003),
    (0x02C87, 0x02C87, 0x0005), (0x02C88, 0x02C88, 0x0003), (0x02C89, 0x02C89, 0x0005), (0x02C8A, 0x02C8A, 0x0003),
    (0x02C8B, 0x02C8B, 0x0005), (0x02C8C, 0x02C8C, 0x0003), (0x02C8D, 0x02C8D, 0x0005), (0x02C8E, 0x02C8E, 0x0003),
    (0x02C8F, 0x02C8F, 0x0005), (0x02C90, 0x02C90, 0x0003), (0x02C91, 0x02C91, 0x0005), (0x02C92, 0x02C92, 0x0003),
    (0x02C93, 0x02C93, 0x0005), (0x02C94, 0x02C94, 0x0003), (0x02C95, 0x02C95, 0x0005), (0x02C96, 0x02C96, 0x0003),
    (0x02C97, 0x02C97, 0x0005), (0x02C98, 0x02C98, 0x0003), (0x02C99, 0x02C99, 0x0005), (0x02C9A, 0x02C9A, 0x0003),
    (0x02C9B, 0x02C9B, 0x0005), (0x02C9C, 0x02C9C, 0x0003), (0x02C9D, 0x02C9D, 0x0005), (0x02C9E, 0x02C9E, 0x0003),
    (0x02C9F, 0x02C9F, 0x0005), (0x02CA0, 0x02CA0, 0x0003), (0x02CA1, 0x02CA1, 0x0005), (0x02CA2, 0x02CA2, 0x0003),
    (0x02CA3, 0x02CA3, 0x0005), (0x02CA4, 0x02CA4, 0x0003), (0x02CA5, 0x02CA5, 0x0005), (0x02CA6, 0x02CA6, 0x0003),
    (0x02CA7, 0x02CA7, 0x0005), (0x02CA8, 0x02CA8, 0x0003), (0x02CA9, 0x02CA9, 0x0005), (0x02CAA, 0x02CAA, 0x0003),
    (0x02CAB, 0x02CAB, 0x0005), (0x02CAC, 0x02CAC, 0x0003), (0x02CAD, 0x02CAD, 0x0005), (0x02CAE, 0x02CAE, 0x0003),
    (0x02CAF, 0x02CAF, 0x0005), (0x02CB0, 0x02CB0, 0x0003), (0x02CB1, 0x02CB1, 0x0005), (0x02CB2, 0x02CB2, 0x0003),
    (0x02CB3, 0x02CB3, 0x0005), (0x02CB4, 0x02CB4, 0x0003), (0x02CB5, 0x02CB5, 0x0005), (0x02CB6, 0x02CB6, 0x0003),
    (0x02CB7, 0x02CB7, 0x0005), (0x02CB8, 0x02CB8, 0x0003), (0x02CB9, 0x02CB9, 0x0005), (0x02CBA, 0x02CBA, 0x0003),
    (0x02CBB, 0x02CBB, 0x0005), (0x02CBC, 0x02CBC, 0x0003), (0x02CBD, 0x02CBD, 0x0005), (0x02CBE, 0x02CBE, 0x0003),
    (0x02CBF, 0x02CBF, 0x0005), (0x02CC0, 0x02CC0, 0x0003), (0x02CC1, 0x02CC1, 0x0005), (0x02CC2, 0x02CC2, 0x0003),
    (0x02CC3, 0x02CC3, 0x0005), (0x02CC4, 0x02CC4, 0x0003), (0x02CC5, 0x02CC5, 0x0005), (0x02CC6, 0x02CC6, 0x0003),
    (0x02CC7, 0x02CC7, 0x0005), (0x02CC8, 0x02CC8, 0x0003), (0x02CC9, 0x02CC9, 0x0005), (0x02CCA, 0x02CCA, 0x0003),
    (0x02CCB, 0x02CCB, 0x0005), (0x02CCC, 0x02CCC, 0x0003), (0x02CCD, 0x02CCD, 0x0005), (0x02CCE, 0x02CCE, 0x0003),
    (0x02CCF, 0x02CCF, 0x0005), (0x02CD0, 0x02CD0, 0x0003), (0x02CD1, 0x02CD1, 0x0005), (0x02CD2, 0x02CD2, 0x0003),
    (0x02CD3, 0x02CD3, 0x0005), (0x02CD4, 0x02CD4, 0x0003), (0x02CD5, 0x02CD5, 0x0005), (0x02CD6, 0x02CD6, 0x0003),
    (0x02CD7, 0x02CD7, 0x0005), (0x02CD8, 0x02CD8, 0x0003), (0x02CD9, 0x02CD9, 0x0005), (0x02CDA, 0x02CDA, 0x0003),
    (0x02CDB, 0x02CDB, 0x0005), (0x02CDC, 0x02CDC, 0x0003), (0x02CDD, 0x02CDD, 0x0005), (0x02CDE, 0x02CDE, 0x0003),
    (0x02CDF, 0x02CDF, 0x0005), (0x02CE0, 0x02CE0, 0x0003), (0x02CE1, 0x02CE1, 0x0005), (0x02CE2, 0x02CE2, 0x0003),
    (0x02CE3, 0x02CE4, 0x0005), (0x02CE5, 0x02CEA, 0x0080), (0x02CEB, 0x02CEB, 0x0003), (0x02CEC, 0x02CEC, 0x0005),
    (0x02CED, 0x02CED, 0x0003), (0x02CEE, 0x02CEE, 0x0005), (0x02CEF, 0x02CF1, 0x0820), (0x02CF2, 0x02CF2, 0x0003),
    (0x02CF3, 0x02CF3, 0x0005), (0x02CF9, 0x02CFC, 0x0040), (0x02CFE, 0x02CFF, 0x0040), (0x02D00, 0x02D25, 0x0005),
    (0x02D27, 0x02D27, 0x0005), (0x02D2D, 0x02D2D, 0x0005), (0x02D30, 0x02D67, 0x0001), (0x02D6F, 0x02D6F, 0x0001),
    (0x02D70, 0x02D70, 0x0040), (0x02D7F, 0x02D7F, 0x0820), (0x02D80, 0x02D96, 0x0001), (0x02DA0, 0x02DA6, 0x0001),
    (0x02DA8, 0x02DAE, 0x0001), (0x02DB0, 0x02DB6, 0x0001), (0x02DB8, 0x02DBE, 0x0001), (0x02DC0, 0x02DC6, 0x0001),
    (0x02DC8, 0x02DCE, 0x0001), (0x02DD0, 0x02DD6, 0x0001), (0x02DD8, 0x02DDE, 0x0001), (0x02DE0, 0x02DFF, 0x0821),
    (0x02E00, 0x02E2E, 0x0040), (0x02E2F, 0x02E2F, 0x0001), (0x02E30, 0x02E4F, 0x0040), (0x02E50, 0x02E51, 0x0080),
    (0x02E52, 0x02E5D, 0x0040), (0x02E80, 0x02E99, 0x0080), (0x02E9B, 0x02EF3, 0x0080), (0x02F00, 0x02FD5, 0x0080),
    (0x02FF0, 0x02FFF, 0x0080), (0x03000, 0x03000, 0x0008), (0x03001, 0x03003, 0x0040), (0x03004, 0x03004, 0x0080),
    (0x03005, 0x03007, 0x0001), (0x03008, 0x03011, 0x0040), (0x03012, 0x03013, 0x0080), (0x03014, 0x0301F, 0x0040),
    (0x03020, 0x03020, 0x0080), (0x03021, 0x03029, 0x0001), (0x0302A, 0x0302F, 0x0820), (0x03030, 0x03030, 0x1040),
    (0x03031, 0x03035, 0x0001), (0x03036, 0x03037, 0x0080), (0x03038, 0x0303C, 0x0001), (0x0303D, 0x0303D, 0x1040),
    (0x0303E, 0x0303F, 0x0080), (0x03041, 0x03096, 0x0001), (0x03099, 0x0309A, 0x0820), (0x0309B, 0x0309C, 0x0080),
    (0x0309D, 0x0309F, 0x0001), (0x030A0, 0x030A0, 0x0040), (0x030A1, 0x030FA, 0x0001), (0x030FB, 0x030FB, 0x0040),
    (0x030FC, 0x030FF, 0x0001), (0x03105, 0x0312F, 0x0001), (0x03131, 0x0318E, 0x0001), (0x03190, 0x03191, 0x0080),
    (0x03196, 0x0319F, 0x0080), (0x031A0, 0x031BF, 0x0001), (0x031C0, 0x031E5, 0x0080), (0x031EF, 0x031EF, 0x0080),
    (0x031F0, 0x031FF, 0x0001), (0x03200, 0x0321E, 0x0080), (0x0322A, 0x03247, 0x0080), (0x03250, 0x03250, 0x0080),
    (0x03260, 0x0327F, 0x0080), (0x0328A, 0x03296, 0x0080), (0x03297, 0x03297, 0x1080), (0x03298, 0x03298, 0x0080),
    (0x03299, 0x03299, 0x1080), (0x0329A, 0x032B0, 0x0080), (0x032C0, 0x033FF, 0x0080), (0x03400, 0x04DBF, 0x0001),
    (0x04DC0, 0x04DFF, 0x0080), (0x04E00, 0x0A48C, 0x0001), (0x0A490, 0x0A4C6, 0x0080), (0x0A4D0, 0x0A4FD, 0x0001),
    (0x0A4FE, 0x0A4FF, 0x0040), (0x0A500, 0x0A60C, 0x0001), (0x0A60D, 0x0A60F, 0x0040), (0x0A610, 0x0A61F, 0x0001),
    (0x0A620, 0x0A629, 0x0010), (0x0A62A, 0x0A62B, 0x0001), (0x0A640, 0x0A640, 0x0003), (0x0A641, 0x0A641, 0x0005),
    (0x0A642, 0x0A642, 0x0003), (0x0A643, 0x0A643, 0x0005), (0x0A644, 0x0A644, 0x0003), (0x0A645, 0x0A645, 0x0005),
    (0x0A646, 0x0A646, 0x0003), (0x0A647, 0x0A647, 0x0005), (0x0A648, 0x0A648, 0x0003), (0x0A649, 0x0A649, 0x0005),
    (0x0A64A, 0x0A64A, 0x0003), (0x0A64B, 0x0A64B, 0x0005), (0x0A64C, 0x0A64C, 0x0003), (0x0A64D, 0x0A64D, 0x0005),
    (0x0A64E, 0x0A64E, 0x0003), (0x0A64F, 0x0A64F, 0x0005), (0x0A650, 0x0A650, 0x0003), (0x0A651, 0x0A651, 0x0005),
    (0x0A652, 0x0A652, 0x0003), (0x0A653, 0x0A653, 0x0005), (0x0A654, 0x0A654, 0x0003), (0x0A655, 0x0A655, 0x0005),
    (0x0A656, 0x0A656, 0x0003), (0x0A657, 0x0A657, 0x0005), (0x0A658, 0x0A658, 0x0003), (0x0A659, 0x0A659, 0x0005),
    (0x0A65A, 0x0A65A, 0x0003), (0x0A65B, 0x0A65B, 0x0005), (0x0A65C, 0x0A65C, 0x0003), (0x0A65D, 0x0A65D, 0x0005),
    (0x0A65E, 0x0A65E, 0x0003), (0x0A65F, 0x0A65F, 0x0005), (0x0A660, 0x0A660, 0x0003), (0x0A661, 0x0A661, 0x0005),
    (0x0A662, 0x0A662, 0x0003), (0x0A663, 0x0A663, 0x0005), (0x0A664, 0x0A664, 0x0003), (0x0A665, 0x0A665, 0x0005),
    (0x0A666, 0x0A666, 0x0003), (0x0A667, 0x0A667, 0x0005), (0x0A668, 0x0A668, 0x0003), (0x0A669, 0x0A669, 0x0005),
    (0x0A66A, 0x0A66A, 0x0003), (0x0A66B, 0x0A66B, 0x0005), (0x0A66C, 0x0A66C, 0x0003), (0x0A66D, 0x0A66D, 0x0005),
    (0x0A66E, 0x0A66E, 0x0001), (0x0A66F, 0x0A672, 0x0820), (0x0A673, 0x0A673, 0x0040), (0x0A674, 0x0A67B, 0x0821),
    (0x0A67C, 0x0A67D, 0x0820), (0x0A67E, 0x0A67E, 0x0040), (0x0A67F, 0x0A67F, 0x0001), (0x0A680, 0x0A680, 0x0003),
    (0x0A681, 0x0A681, 0x0005), (0x0A682, 0x0A682, 0x0003), (0x0A683, 0x0A683, 0x0005), (0x0A684, 0x0A684, 0x0003),
    (0x0A685, 0x0A685, 0x0005), (0x0A686, 0x0A686, 0x0003), (0x0A687, 0x0A687, 0x0005), (0x0A688, 0x0A688, 0x0003),
    (0x0A689, 0x0A689, 0x0005), (0x0A68A, 0x0A68A, 0x0003), (0x0A68B, 0x0A68B, 0x0005), (0x0A68C, 0x0A68C, 0x0003),
    (0x0A68D, 0x0A68D, 0x0005), (0x0A68E, 0x0A68E, 0x0003), (0x0A68F, 0x0A68F, 0x0005), (0x0A690, 0x0A690, 0x0003),
    (0x0A691, 0x0A691, 0x0005), (0x0A692, 0x0A692, 0x0003), (0x0A693, 0x0A693, 0x0005), (0x0A694, 0x0A694, 0x0003),
    (0x0A695, 0x0A695, 0x0005), (0x0A696, 0x0A696, 0x0003), (0x0A697, 0x0A697, 0x0005), (0x0A698, 0x0A698, 0x0003),
    (0x0A699, 0x0A699, 0x0005), (0x0A69A, 0x0A69A, 0x0003), (0x0A69B, 0x0A69D, 0x0005), (0x0A69E, 0x0A69F, 0x0821),
    (0x0A6A0, 0x0A6EF, 0x0001), (0x0A6F0, 0x0A6F1, 0x0820), (0x0A6F2, 0x0A6F7, 0x0040), (0x0A700, 0x0A716, 0x0080),
    (0x0A717, 0x0A71F, 0x0001), (0x0A720, 0x0A721, 0x0080), (0x0A722, 0x0A722, 0x0003), (0x0A723, 0x0A723, 0x0005),
    (0x0A724, 0x0A724, 0x0003), (0x0A725, 0x0A725, 0x0005), (0x0A726, 0x0A726, 0x0003), (0x0A727, 0x0A727, 0x0005),
    (0x0A728, 0x0A728, 0x0003), (0x0A729, 0x0A729, 0x0005), (0x0A72A, 0x0A72A, 0x0003), (0x0A72B, 0x0A72B, 0x0005),
    (0x0A72C, 0x0A72C, 0x0003), (0x0A72D, 0x0A72D, 0x0005), (0x0A72E, 0x0A72E, 0x0003), (0x0A72F, 0x0A731, 0x0005),
    (0x0A732, 0x0A732, 0x0003), (0x0A733, 0x0A733, 0x0005), (0x0A734, 0x0A734, 0x0003), (0x0A735, 0x0A735, 0x0005),
    (0x0A736, 0x0A736, 0x0003), (0x0A737, 0x0A737, 0x0005), (0x0A738, 0x0A738, 0x0003), (0x0A739, 0x0A739, 0x0005),
    (0x0A73A, 0x0A73A, 0x0003), (0x0A73B, 0x0A73B, 0x0005), (0x0A73C, 0x0A73C, 0x0003), (0x0A73D, 0x0A73D, 0x0005),
    (0x0A73E, 0x0A73E, 0x0003), (0x0A73F, 0x0A73F, 0x0005), (0x0A740, 0x0A740, 0x0003), (0x0A741, 0x0A741, 0x0005),
    (0x0A742, 0x0A742, 0x0003), (0x0A743, 0x0A743, 0x0005), (0x0A744, 0x0A744, 0x0003), (0x0A745, 0x0A745, 0x0005),
    (0x0A746, 0x0A746, 0x0003), (0x0A747, 0x0A747, 0x0005), (0x0A748, 0x0A748, 0x0003), (0x0A749, 0x0A749, 0x0005),
    (0x0A74A, 0x0A74A, 0x0003), (0x0A74B, 0x0A74B, 0x0005), (0x0A74C, 0x0A74C, 0x0003), (0x0A74D, 0x0A74D, 0x0005),
    (0x0A74E, 0x0A74E, 0x0003), (0x0A74F, 0x0A74F, 0x0005), (0x0A750, 0x0A750, 0x0003), (0x0A751, 0x0A751, 0x0005),
    (0x0A752, 0x0A752, 0x0003), (0x0A753, 0x0A753, 0x0005), (0x0A754, 0x0A754, 0x0003), (0x0A755, 0x0A755, 0x0005),
    (0x0A756, 0x0A756, 0x0003), (0x0A757, 0x0A757, 0x0005), (0x0A758, 0x0A758, 0x0003), (0x0A759, 0x0A759, 0x0005),
    (0x0A75A, 0x0A75A, 0x0003), (0x0A75B, 0x0A75B, 0x0005), (0x0A75C, 0x0A75C, 0x0003), (0x0A75D, 0x0A75D, 0x0005),
    (0x0A75E, 0x0A75E, 0x0003), (0x0A75F, 0x0A75F, 0x0005), (0x0A760, 0x0A760, 0x0003), (0x0A761, 0x0A761, 0x0005),
    (0x0A762, 0x0A762, 0x0003), (0x0A763, 0x0A763, 0x0005), (0x0A764, 0x0A764, 0x0003), (0x0A765, 0x0A765, 0x0005),
    (0x0A766, 0x0A766, 0x0003), (0x0A767, 0x0A767, 0x0005), (0x0A768, 0x0A768, 0x0003), (0x0A769, 0x0A769, 0x0005),
    (0x0A76A, 0x0A76A, 0x0003), (0x0A76B, 0x0A76B, 0x0005), (0x0A76C, 0x0A76C, 0x0003), (0x0A76D, 0x0A76D, 0x0005),
    (0x0A76E, 0x0A76E, 0x0003), (0x0A76F, 0x0A778, 0x0005), (0x0A779, 0x0A779, 0x0003), (0x0A77A, 0x0A77A, 0x0005),
    (0x0A77B, 0x0A77B, 0x0003), (0x0A77C, 0x0A77C, 0x0005), (0x0A77D, 0x0A77E, 0x0003), (0x0A77F, 0x0A77F, 0x0005),
    (0x0A780, 0x0A780, 0x0003), (0x0A781, 0x0A781, 0x0005), (0x0A782, 0x0A782, 0x0003), (0x0A783, 0x0A783, 0x0005),
    (0x0A784, 0x0A784, 0x0003), (0x0A785, 0x0A785, 0x0005), (0x0A786, 0x0A786, 0x0003), (0x0A787, 0x0A787, 0x0005),
    (0x0A788, 0x0A788, 0x0001), (0x0A789, 0x0A78A, 0x0080), (0x0A78B, 0x0A78B, 0x0003), (0x0A78C, 0x0A78C, 0x0005),
    (0x0A78D, 0x0A78D, 0x0003), (0x0A78E, 0x0A78E, 0x0005), (0x0A78F, 0x0A78F, 0x0001), (0x0A790, 0x0A790, 0x0003),
    (0x0A791, 0x0A791, 0x0005), (0x0A792, 0x0A792, 0x0003), (0x0A793, 0x0A795, 0x0005), (0x0A796, 0x0A796, 0x0003),
    (0x0A797, 0x0A797, 0x0005), (0x0A798, 0x0A798, 0x0003), (0x0A799, 0x0A799, 0x0005), (0x0A79A, 0x0A79A, 0x0003),
    (0x0A79B, 0x0A79B, 0x0005), (0x0A79C, 0x0A79C, 0x0003), (0x0A79D, 0x0A79D, 0x0005), (0x0A79E, 0x0A79E, 0x0003),
    (0x0A79F, 0x0A79F, 0x0005), (0x0A7A0, 0x0A7A0, 0x0003), (0x0A7A1, 0x0A7A1, 0x0005), (0x0A7A2, 0x0A7A2, 0x0003),
    (0x0A7A3, 0x0A7A3, 0x0005), (0x0A7A4, 0x0A7A4, 0x0003), (0x0A7A5, 0x0A7A5, 0x0005), (0x0A7A6, 0x0A7A6, 0x0003),
    (0x0A7A7, 0x0A7A7, 0x0005), (0x0A7A8, 0x0A7A8, 0x0003), (0x0A7A9, 0x0A7A9, 0x0005), (0x0A7AA, 0x0A7AE, 0x0003),
    (0x0A7AF, 0x0A7AF, 0x0005), (0x0A7B0, 0x0A7B4, 0x0003), (0x0A7B5, 0x0A7B5, 0x0005), (0x0A7B6, 0x0A7B6, 0x0003),
    (0x0A7B7, 0x0A7B7, 0x0005), (0x0A7B8, 0x0A7B8, 0x0003), (0x0A7B9, 0x0A7B9, 0x0005), (0x0A7BA, 0x0A7BA, 0x0003),
    (0x0A7BB, 0x0A7BB, 0x0005), (0x0A7BC, 0x0A7BC, 0x0003), (0x0A7BD, 0x0A7BD, 0x0005), (0x0A7BE, 0x0A7BE, 0x0003),
    (0x0A7BF, 0x0A7BF, 0x0005), (0x0A7C0, 0x0A7C0, 0x0003), (0x0A7C1, 0x0A7C1, 0x0005), (0x0A7C2, 0x0A7C2, 0x0003),
    (0x0A7C3, 0x0A7C3, 0x0005), (0x0A7C4, 0x0A7C7, 0x0003), (0x0A7C8, 0x0A7C8, 0x0005), (0x0A7C9, 0x0A7C9, 0x0003),
    (0x0A7CA, 0x0A7CA, 0x0005), (0x0A7CB, 0x0A7CC, 0x0003), (0x0A7CD, 0x0A7CD, 0x0005), (0x0A7CE, 0x0A7CE, 0x0003),
    (0x0A7CF, 0x0A7CF, 0x0005), (0x0A7D0, 0x0A7D0, 0x0003), (0x0A7D1, 0x0A7D1, 0x0005), (0x0A7D2, 0x0A7D2, 0x0003),
    (0x0A7D3, 0x0A7D3, 0x0005), (0x0A7D4, 0x0A7D4, 0x0003), (0x0A7D5, 0x0A7D5, 0x0005), (0x0A7D6, 0x0A7D6, 0x0003),
    (0x0A7D7, 0x0A7D7, 0x0005), (0x0A7D8, 0x0A7D8, 0x0003), (0x0A7D9, 0x0A7D9, 0x0005), (0x0A7DA, 0x0A7DA, 0x0003),
    (0x0A7DB, 0x0A7DB, 0x0005), (0x0A7DC, 0x0A7DC, 0x0003), (0x0A7F1, 0x0A7F4, 0x0005), (0x0A7F5, 0x0A7F5, 0x0003),
    (0x0A7F6, 0x0A7F6, 0x0005), (0x0A7F7, 0x0A7F7, 0x0001), (0x0A7F8, 0x0A7FA, 0x0005), (0x0A7FB, 0x0A801, 0x0001),
    (0x0A802, 0x0A802, 0x0821), (0x0A803, 0x0A805, 0x0001), (0x0A806, 0x0A806, 0x0820), (0x0A807, 0x0A80A, 0x0001),
    (0x0A80B, 0x0A80B, 0x0821), (0x0A80C, 0x0A822, 0x0001), (0x0A823, 0x0A827, 0x0821), (0x0A828, 0x0A82B, 0x0080),
    (0x0A82C, 0x0A82C, 0x0820), (0x0A836, 0x0A839, 0x0080), (0x0A840, 0x0A873, 0x0001), (0x0A874, 0x0A877, 0x0040),
    (0x0A880, 0x0A881, 0x0821), (0x0A882, 0x0A8B3, 0x0001), (0x0A8B4, 0x0A8C3, 0x0821), (0x0A8C4, 0x0A8C4, 0x0820),
    (0x0A8C5, 0x0A8C5, 0x0821), (0x0A8CE, 0x0A8CF, 0x0040), (0x0A8D0, 0x0A8D9, 0x0010), (0x0A8E0, 0x0A8F1, 0x0820),
    (0x0A8F2, 0x0A8F7, 0x0001), (0x0A8F8, 0x0A8FA, 0x0040), (0x0A8FB, 0x0A8FB, 0x0001), (0x0A8FC, 0x0A8FC, 0x0040),
    (0x0A8FD, 0x0A8FE, 0x0001), (0x0A8FF, 0x0A8FF, 0x0821), (0x0A900, 0x0A909, 0x0010), (0x0A90A, 0x0A925, 0x0001),
    (0x0A926, 0x0A92A, 0x0821), (0x0A92B, 0x0A92D, 0x0820), (0x0A92E, 0x0A92F, 0x0040), (0x0A930, 0x0A946, 0x0001),
    (0x0A947, 0x0A952, 0x0821), (0x0A953, 0x0A953, 0x0820), (0x0A95F, 0x0A95F, 0x0040), (0x0A960, 0x0A97C, 0x1001),
    (0x0A980, 0x0A983, 0x0821), (0x0A984, 0x0A9B2, 0x0001), (0x0A9B3, 0x0A9B3, 0x0820), (0x0A9B4, 0x0A9BF, 0x0821),
    (0x0A9C0, 0x0A9C0, 0x8820), (0x0A9C1, 0x0A9CD, 0x0040), (0x0A9CF, 0x0A9CF, 0x0001), (0x0A9D0, 0x0A9D9, 0x0010),
    (0x0A9DE, 0x0A9DF, 0x0040), (0x0A9E0, 0x0A9E4, 0x0001), (0x0A9E5, 0x0A9E5, 0x0821), (0x0A9E6, 0x0A9EF, 0x0001),
    (0x0A9F0, 0x0A9F9, 0x0010), (0x0A9FA, 0x0A9FE, 0x0001), (0x0AA00, 0x0AA28, 0x0001), (0x0AA29, 0x0AA36, 0x0821),
    (0x0AA40, 0x0AA42, 0x0001), (0x0AA43, 0x0AA43, 0x0821), (0x0AA44, 0x0AA4B, 0x0001), (0x0AA4C, 0x0AA4D, 0x0821),
    (0x0AA50, 0x0AA59, 0x0010), (0x0AA5C, 0x0AA5F, 0x0040), (0x0AA60, 0x0AA76, 0x0001), (0x0AA77, 0x0AA79, 0x0080),
    (0x0AA7A, 0x0AA7A, 0x0001), (0x0AA7B, 0x0AA7B, 0x0021), (0x0AA7C, 0x0AA7C, 0x0821), (0x0AA7D, 0x0AA7D, 0x0021),
    (0x0AA7E, 0x0AAAF, 0x0001), (0x0AAB0, 0x0AAB0, 0x0821), (0x0AAB1, 0x0AAB1, 0x0001), (0x0AAB2, 0x0AAB4, 0x0821),
    (0x0AAB5, 0x0AAB6, 0x0001), (0x0AAB7, 0x0AAB8, 0x0821), (0x0AAB9, 0x0AABD, 0x0001), (0x0AABE, 0x0AABE, 0x0821),
    (0x0AABF, 0x0AABF, 0x0820), (0x0AAC0, 0x0AAC0, 0x0001), (0x0AAC1, 0x0AAC1, 0x0820), (0x0AAC2, 0x0AAC2, 0x0001),
    (0x0AADB, 0x0AADD, 0x0001), (0x0AADE, 0x0AADF, 0x0040), (0x0AAE0, 0x0AAEA, 0x0001), (0x0AAEB, 0x0AAEF, 0x0821),
    (0x0AAF0, 0x0AAF1, 0x0040), (0x0AAF2, 0x0AAF4, 0x0001), (0x0AAF5, 0x0AAF5, 0x0821), (0x0AAF6, 0x0AAF6, 0x8820),
    (0x0AB01, 0x0AB06, 0x0001), (0x0AB09, 0x0AB0E, 0x0001), (0x0AB11, 0x0AB16, 0x0001), (0x0AB20, 0x0AB26, 0x0001),
    (0x0AB28, 0x0AB2E, 0x0001), (0x0AB30, 0x0AB5A, 0x0005), (0x0AB5B, 0x0AB5B, 0x0080), (0x0AB5C, 0x0AB69, 0x0005),
    (0x0AB6A, 0x0AB6B, 0x0080), (0x0AB70, 0x0ABBF, 0x0005), (0x0ABC0, 0x0ABE2, 0x0001), (0x0ABE3, 0x0ABEA, 0x0821),
    (0x0ABEB, 0x0ABEB, 0x0040), (0x0ABEC, 0x0ABED, 0x0820), (0x0ABF0, 0x0ABF9, 0x0010), (0x0AC00, 0x0D7A3, 0x1001),
    (0x0D7B0, 0x0D7C6, 0x1001), (0x0D7CB, 0x0D7FB, 0x1001), (0x0F900, 0x0FA6D, 0x0001), (0x0FA70, 0x0FAD9, 0x0001),
    (0x0FB00, 0x0FB06, 0x0005), (0x0FB13, 0x0FB17, 0x0005), (0x0FB1D, 0x0FB1D, 0x0001), (0x0FB1E, 0x0FB1E, 0x0821),
    (0x0FB1F, 0x0FB28, 0x0001), (0x0FB29, 0x0FB29, 0x0080), (0x0FB2A, 0x0FB36, 0x0001), (0x0FB38, 0x0FB3C, 0x0001),
    (0x0FB3E, 0x0FB3E, 0x0001), (0x0FB40, 0x0FB41, 0x0001), (0x0FB43, 0x0FB44, 0x0001), (0x0FB46, 0x0FBB1, 0x0001),
    (0x0FBB2, 0x0FBD2, 0x0080), (0x0FBD3, 0x0FD3D, 0x0001), (0x0FD3E, 0x0FD3F, 0x0040), (0x0FD40, 0x0FD4F, 0x0080),
    (0x0FD50, 0x0FD8F, 0x0001), (0x0FD90, 0x0FD91, 0x0080), (0x0FD92, 0x0FDC7, 0x0001), (0x0FDC8, 0x0FDCF, 0x0080),
    (0x0FDD0, 0x0FDEF, 0x0400), (0x0FDF0, 0x0FDFB, 0x0001), (0x0FDFC, 0x0FDFF, 0x0080), (0x0FE00, 0x0FE0F, 0x0820),
    (0x0FE10, 0x0FE19, 0x0040), (0x0FE20, 0x0FE2F, 0x0820), (0x0FE30, 0x0FE52, 0x0040), (0x0FE54, 0x0FE61, 0x0040),
    (0x0FE62, 0x0FE62, 0x0080), (0x0FE63, 0x0FE63, 0x0040), (0x0FE64, 0x0FE66, 0x0080), (0x0FE68, 0x0FE68, 0x0040),
    (0x0FE69, 0x0FE69, 0x0080), (0x0FE6A, 0x0FE6B, 0x0040), (0x0FE70, 0x0FE74, 0x0001), (0x0FE76, 0x0FEFC, 0x0001),
    (0x0FEFF, 0x0FEFF, 0x3200), (0x0FF01, 0x0FF03, 0x0040), (0x0FF04, 0x0FF04, 0x0080), (0x0FF05, 0x0FF0A, 0x0040),
    (0x0FF0B, 0x0FF0B, 0x0080), (0x0FF0C, 0x0FF0F, 0x0040), (0x0FF10, 0x0FF19, 0x0010), (0x0FF1A, 0x0FF1B, 0x0040),
    (0x0FF1C, 0x0FF1E, 0x0080), (0x0FF1F, 0x0FF20, 0x0040), (0x0FF21, 0x0FF3A, 0x0003), (0x0FF3B, 0x0FF3D, 0x0040),
    (0x0FF3E, 0x0FF3E, 0x0080), (0x0FF3F, 0x0FF3F, 0x0040), (0x0FF40, 0x0FF40, 0x0080), (0x0FF41, 0x0FF5A, 0x0005),
    (0x0FF5B, 0x0FF5B, 0x0040), (0x0FF5C, 0x0FF5C, 0x0080), (0x0FF5D, 0x0FF5D, 0x0040), (0x0FF5E, 0x0FF5E, 0x0080),
    (0x0FF5F, 0x0FF65, 0x0040), (0x0FF66, 0x0FF9D, 0x0001), (0x0FF9E, 0x0FF9F, 0x0801), (0x0FFA0, 0x0FFBE, 0x0001),
    (0x0FFC2, 0x0FFC7, 0x0001), (0x0FFCA, 0x0FFCF, 0x0001), (0x0FFD2, 0x0FFD7, 0x0001), (0x0FFDA, 0x0FFDC, 0x0001),
    (0x0FFE0, 0x0FFE6, 0x0080), (0x0FFE8, 0x0FFEE, 0x0080), (0x0FFF0, 0x0FFF8, 0x3000), (0x0FFF9, 0x0FFFB, 0x3200),
    (0x0FFFC, 0x0FFFD, 0x0080), (0x0FFFE, 0x0FFFF, 0x0400), (0x10000, 0x1000B, 0x0001), (0x1000D, 0x10026, 0x0001),
    (0x10028, 0x1003A, 0x0001), (0x1003C, 0x1003D, 0x0001), (0x1003F, 0x1004D, 0x0001), (0x10050, 0x1005D, 0x0001),
    (0x10080, 0x100FA, 0x0001), (0x10100, 0x10102, 0x0040), (0x10137, 0x1013F, 0x0080), (0x10140, 0x10174, 0x0001),
    (0x10179, 0x10189, 0x0080), (0x1018C, 0x1018E, 0x0080), (0x10190, 0x1019C, 0x0080), (0x101A0, 0x101A0, 0x0080),
    (0x101D0, 0x101FC, 0x0080), (0x101FD, 0x101FD, 0x0820), (0x10280, 0x1029C, 0x0001), (0x102A0, 0x102D0, 0x0001),
    (0x102E0, 0x102E0, 0x0820), (0x10300, 0x1031F, 0x0001), (0x1032D, 0x1034A, 0x0001), (0x10350, 0x10375, 0x0001),
    (0x10376, 0x1037A, 0x0821), (0x10380, 0x1039D, 0x0001), (0x1039F, 0x1039F, 0x0040), (0x103A0, 0x103C3, 0x0001),
    (0x103C8, 0x103CF, 0x0001), (0x103D0, 0x103D0, 0x0040), (0x103D1, 0x103D5, 0x0001), (0x10400, 0x10427, 0x0003),
    (0x10428, 0x1044F, 0x0005), (0x10450, 0x1049D, 0x0001), (0x104A0, 0x104A9, 0x0010), (0x104B0, 0x104D3, 0x0003),
    (0x104D8, 0x104FB, 0x0005), (0x10500, 0x10527, 0x0001), (0x10530, 0x10563, 0x0001), (0x1056F, 0x1056F, 0x0040),
    (0x10570, 0x1057A, 0x0003), (0x1057C, 0x1058A, 0x0003), (0x1058C, 0x10592, 0x0003), (0x10594, 0x10595, 0x0003),
    (0x10597, 0x105A1, 0x0005), (0x105A3, 0x105B1, 0x0005), (0x105B3, 0x105B9, 0x0005), (0x105BB, 0x105BC, 0x0005),
    (0x105C0, 0x105F3, 0x0001), (0x10600, 0x10736, 0x0001), (0x10740, 0x10755, 0x0001), (0x10760, 0x10767, 0x0001),
    (0x10780, 0x10780, 0x0005), (0x10781, 0x10782, 0x0001), (0x10783, 0x10785, 0x0005), (0x10787, 0x107B0, 0x0005),
    (0x107B2, 0x107BA, 0x0005), (0x10800, 0x10805, 0x0001), (0x10808, 0x10808, 0x0001), (0x1080A, 0x10835, 0x0001),
    (0x10837, 0x10838, 0x0001), (0x1083C, 0x1083C, 0x0001), (0x1083F, 0x10855, 0x0001), (0x10857, 0x10857, 0x0040),
    (0x10860, 0x10876, 0x0001), (0x10877, 0x10878, 0x0080), (0x10880, 0x1089E, 0x0001), (0x108E0, 0x108F2, 0x0001),
    (0x108F4, 0x108F5, 0x0001), (0x10900, 0x10915, 0x0001), (0x1091F, 0x1091F, 0x0040), (0x10920, 0x10939, 0x0001),
    (0x1093F, 0x1093F, 0x0040), (0x10940, 0x10959, 0x0001), (0x10980, 0x109B7, 0x0001), (0x109BE, 0x109BF, 0x0001),
    (0x10A00, 0x10A00, 0x0001), (0x10A01, 0x10A03, 0x0821), (0x10A05, 0x10A06, 0x0821), (0x10A0C, 0x10A0F, 0x0821),
    (0x10A10, 0x10A13, 0x0001), (0x10A15, 0x10A17, 0x0001), (0x10A19, 0x10A35, 0x0001), (0x10A38, 0x10A3A, 0x0820),
    (0x10A3F, 0x10A3F, 0x8820), (0x10A50, 0x10A58, 0x0040), (0x10A60, 0x10A7C, 0x0001), (0x10A7F, 0x10A7F, 0x0040),
    (0x10A80, 0x10A9C, 0x0001), (0x10AC0, 0x10AC7, 0x0001), (0x10AC8, 0x10AC8, 0x0080), (0x10AC9, 0x10AE4, 0x0001),
    (0x10AE5, 0x10AE6, 0x0820), (0x10AF0, 0x10AF6, 0x0040), (0x10B00, 0x10B35, 0x0001), (0x10B39, 0x10B3F, 0x0040),
    (0x10B40, 0x10B55, 0x0001), (0x10B60, 0x10B72, 0x0001), (0x10B80, 0x10B91, 0x0001), (0x10B99, 0x10B9C, 0x0040),
    (0x10C00, 0x10C48, 0x0001), (0x10C80, 0x10CB2, 0x0003), (0x10CC0, 0x10CF2, 0x0005), (0x10D00, 0x10D23, 0x0001),
    (0x10D24, 0x10D27, 0x0821), (0x10D30, 0x10D39, 0x0010), (0x10D40, 0x10D49, 0x0010), (0x10D4A, 0x10D4F, 0x0001),
    (0x10D50, 0x10D65, 0x0003), (0x10D69, 0x10D69, 0x0821), (0x10D6A, 0x10D6D, 0x0820), (0x10D6E, 0x10D6E, 0x0040),
    (0x10D6F, 0x10D6F, 0x0001), (0x10D70, 0x10D85, 0x0005), (0x10D8E, 0x10D8F, 0x0080), (0x10E80, 0x10EA9, 0x0001),
    (0x10EAB, 0x10EAC, 0x0821), (0x10EAD, 0x10EAD, 0x0040), (0x10EB0, 0x10EB1, 0x0001), (0x10EC2, 0x10EC7, 0x0001),
    (0x10ED0, 0x10ED0, 0x0040), (0x10ED1, 0x10ED8, 0x0080), (0x10EFA, 0x10EFC, 0x0821), (0x10EFD, 0x10EFF, 0x0820),
    (0x10F00, 0x10F1C, 0x0001), (0x10F27, 0x10F27, 0x0001), (0x10F30, 0x10F45, 0x0001), (0x10F46, 0x10F50, 0x0820),
    (0x10F55, 0x10F59, 0x0040), (0x10F70, 0x10F81, 0x0001), (0x10F82, 0x10F85, 0x0820), (0x10F86, 0x10F89, 0x0040),
    (0x10FB0, 0x10FC4, 0x0001), (0x10FE0, 0x10FF6, 0x0001), (0x11000, 0x11002, 0x0821), (0x11003, 0x11037, 0x0001),
    (0x11038, 0x11045, 0x0821), (0x11046, 0x11046, 0x0820), (0x11047, 0x1104D, 0x0040), (0x11066, 0x1106F, 0x0010),
    (0x11070, 0x11070, 0x0820), (0x11071, 0x11072, 0x0001), (0x11073, 0x11074, 0x0821), (0x11075, 0x11075, 0x0001),
    (0x1107F, 0x1107F, 0x0820), (0x11080, 0x11082, 0x0821), (0x11083, 0x110AF, 0x0001), (0x110B0, 0x110B8, 0x0821),
    (0x110B9, 0x110BA, 0x0820), (0x110BB, 0x110BC, 0x0040), (0x110BD, 0x110BD, 0x5200), (0x110BE, 0x110C1, 0x0040),
    (0x110C2, 0x110C2, 0x0821), (0x110CD, 0x110CD, 0x5200), (0x110D0, 0x110E8, 0x0001), (0x110F0, 0x110F9, 0x0010),
    (0x11100, 0x11102, 0x0821), (0x11103, 0x11126, 0x0001), (0x11127, 0x11132, 0x0821), (0x11133, 0x11133, 0x8820),
    (0x11134, 0x11134, 0x0820), (0x11136, 0x1113F, 0x0010), (0x11140, 0x11143, 0x0040), (0x11144, 0x11144, 0x0001),
    (0x11145, 0x11146, 0x0821), (0x11147, 0x11147, 0x0001), (0x11150, 0x11172, 0x0001), (0x11173, 0x11173, 0x0820),
    (0x11174, 0x11175, 0x0040), (0x11176, 0x11176, 0x0001), (0x11180, 0x11182, 0x0821), (0x11183, 0x111B2, 0x0001),
    (0x111B3, 0x111BF, 0x0821), (0x111C0, 0x111C0, 0x0820), (0x111C1, 0x111C1, 0x0001), (0x111C2, 0x111C3, 0x5001),
    (0x111C4, 0x111C4, 0x0001), (0x111C5, 0x111C8, 0x0040), (0x111C9, 0x111CC, 0x0820), (0x111CD, 0x111CD, 0x0040),
    (0x111CE, 0x111CF, 0x0821), (0x111D0, 0x111D9, 0x0010), (0x111DA, 0x111DA, 0x0001), (0x111DB, 0x111DB, 0x0040),
    (0x111DC, 0x111DC, 0x0001), (0x111DD, 0x111DF, 0x0040), (0x11200, 0x11211, 0x0001), (0x11213, 0x1122B, 0x0001),
    (0x1122C, 0x11234, 0x0821), (0x11235, 0x11236, 0x0820), (0x11237, 0x11237, 0x0821), (0x11238, 0x1123D, 0x0040),
    (0x1123E, 0x1123E, 0x0821), (0x1123F, 0x11240, 0x0001), (0x11241, 0x11241, 0x0821), (0x11280, 0x11286, 0x0001),
    (0x11288, 0x11288, 0x0001), (0x1128A, 0x1128D, 0x0001), (0x1128F, 0x1129D, 0x0001), (0x1129F, 0x112A8, 0x0001),
    (0x112A9, 0x112A9, 0x0040), (0x112B0, 0x112DE, 0x0001), (0x112DF, 0x112E8, 0x0821), (0x112E9, 0x112EA, 0x0820),
    (0x112F0, 0x112F9, 0x0010), (0x11300, 0x11303, 0x0821), (0x11305, 0x1130C, 0x0001), (0x1130F, 0x11310, 0x0001),
    (0x11313, 0x11328, 0x0001), (0x1132A, 0x11330, 0x0001), (0x11332, 0x11333, 0x0001), (0x11335, 0x11339, 0x0001),
    (0x1133B, 0x1133C, 0x0820), (0x1133D, 0x1133D, 0x0001), (0x1133E, 0x11344, 0x0821), (0x11347, 0x11348, 0x0821),
    (0x1134B, 0x1134C, 0x0821), (0x1134D, 0x1134D, 0x0820), (0x11350, 0x11350, 0x0001), (0x11357, 0x11357, 0x0821),
    (0x1135D, 0x11361, 0x0001), (0x11362, 0x11363, 0x0821), (0x11366, 0x1136C, 0x0820), (0x11370, 0x11374, 0x0820),
    (0x11380, 0x11389, 0x0001), (0x1138B, 0x1138B, 0x0001), (0x1138E, 0x1138E, 0x0001), (0x11390, 0x113B5, 0x0001),
    (0x113B7, 0x113B7, 0x0001), (0x113B8, 0x113C0, 0x0821), (0x113C2, 0x113C2, 0x0821), (0x113C5, 0x113C5, 0x0821),
    (0x113C7, 0x113CA, 0x0821), (0x113CC, 0x113CD, 0x0821), (0x113CE, 0x113CF, 0x0820), (0x113D0, 0x113D0, 0x8820),
    (0x113D1, 0x113D1, 0x5001), (0x113D2, 0x113D2, 0x0820), (0x113D3, 0x113D3, 0x0001), (0x113D4, 0x113D5, 0x0040),
    (0x113D7, 0x113D8, 0x0040), (0x113E1, 0x113E2, 0x0820), (0x11400, 0x11434, 0x0001), (0x11435, 0x11441, 0x0821),
    (0x11442, 0x11442, 0x0820), (0x11443, 0x11445, 0x0821), (0x11446, 0x11446, 0x0820), (0x11447, 0x1144A, 0x0001),
    (0x1144B, 0x1144F, 0x0040), (0x11450, 0x11459, 0x0010), (0x1145A, 0x1145B, 0x0040), (0x1145D, 0x1145D, 0x0040),
    (0x1145E, 0x1145E, 0x0820), (0x1145F, 0x11461, 0x0001), (0x11480, 0x114AF, 0x0001), (0x114B0, 0x114C1, 0x0821),
    (0x114C2, 0x114C3, 0x0820), (0x114C4, 0x114C5, 0x0001), (0x114C6, 0x114C6, 0x0040), (0x114C7, 0x114C7, 0x0001),
    (0x114D0, 0x114D9, 0x0010), (0x11580, 0x115AE, 0x0001), (0x115AF, 0x115B5, 0x0821), (0x115B8, 0x115BE, 0x0821),
    (0x115BF, 0x115C0, 0x0820), (0x115C1, 0x115D7, 0x0040), (0x115D8, 0x115DB, 0x0001), (0x115DC, 0x115DD, 0x0821),
    (0x11600, 0x1162F, 0x0001), (0x11630, 0x1163E, 0x0821), (0x1163F, 0x1163F, 0x0820), (0x11640, 0x11640, 0x0821),
    (0x11641, 0x11643, 0x0040), (0x11644, 0x11644, 0x0001), (0x11650, 0x11659, 0x0010), (0x11660, 0x1166C, 0x0040),
    (0x11680, 0x116AA, 0x0001), (0x116AB, 0x116B5, 0x0821), (0x116B6, 0x116B7, 0x0820), (0x116B8, 0x116B8, 0x0001),
    (0x116B9, 0x116B9, 0x0040), (0x116C0, 0x116C9, 0x0010), (0x116D0, 0x116E3, 0x0010), (0x11700, 0x1171A, 0x0001),
    (0x1171D, 0x1171F, 0x0821), (0x11720, 0x11721, 0x0021), (0x11722, 0x1172A, 0x0821), (0x1172B, 0x1172B, 0x0820),
    (0x11730, 0x11739, 0x0010), (0x1173C, 0x1173E, 0x0040), (0x1173F, 0x1173F, 0x0080), (0x11740, 0x11746, 0x0001),
    (0x11800, 0x1182B, 0x0001), (0x1182C, 0x11838, 0x0821), (0x11839, 0x1183A, 0x0820), (0x1183B, 0x1183B, 0x0040),
    (0x118A0, 0x118BF, 0x0003), (0x118C0, 0x118DF, 0x0005), (0x118E0, 0x118E9, 0x0010), (0x118FF, 0x11906, 0x0001),
    (0x11909, 0x11909, 0x0001), (0x1190C, 0x11913, 0x0001), (0x11915, 0x11916, 0x0001), (0x11918, 0x1192F, 0x0001),
    (0x11930, 0x11935, 0x0821), (0x11937, 0x11938, 0x0821), (0x1193B, 0x1193C, 0x0821), (0x1193D, 0x1193D, 0x0820),
    (0x1193E, 0x1193E, 0x8820), (0x1193F, 0x1193F, 0x5001), (0x11940, 0x11940, 0x0821), (0x11941, 0x11941, 0x5001),
    (0x11942, 0x11942, 0x0821), (0x11943, 0x11943, 0x0820), (0x11944, 0x11946, 0x0040), (0x11950, 0x11959, 0x0010),
    (0x119A0, 0x119A7, 0x0001), (0x119AA, 0x119D0, 0x0001), (0x119D1, 0x119D7, 0x0821), (0x119DA, 0x119DF, 0x0821),
    (0x119E0, 0x119E0, 0x0820), (0x119E1, 0x119E1, 0x0001), (0x119E2, 0x119E2, 0x0040), (0x119E3, 0x119E3, 0x0001),
    (0x119E4, 0x119E4, 0x0821), (0x11A00, 0x11A00, 0x0001), (0x11A01, 0x11A0A, 0x0821), (0x11A0B, 0x11A32, 0x0001),
    (0x11A33, 0x11A34, 0x0820), (0x11A35, 0x11A39, 0x0821), (0x11A3A, 0x11A3A, 0x0001), (0x11A3B, 0x11A3E, 0x0821),
    (0x11A3F, 0x11A46, 0x0040), (0x11A47, 0x11A47, 0x8820), (0x11A50, 0x11A50, 0x0001), (0x11A51, 0x11A5B, 0x0821),
    (0x11A5C, 0x11A83, 0x0001), (0x11A84, 0x11A89, 0x5001), (0x11A8A, 0x11A97, 0x0821), (0x11A98, 0x11A98, 0x0820),
    (0x11A99, 0x11A99, 0x8820), (0x11A9A, 0x11A9C, 0x0040), (0x11A9D, 0x11A9D, 0x0001), (0x11A9E, 0x11AA2, 0x0040),
    (0x11AB0, 0x11AF8, 0x0001), (0x11B00, 0x11B09, 0x0040), (0x11B60, 0x11B67, 0x0821), (0x11BC0, 0x11BE0, 0x0001),
    (0x11BE1, 0x11BE1, 0x0040), (0x11BF0, 0x11BF9, 0x0010), (0x11C00, 0x11C08, 0x0001), (0x11C0A, 0x11C2E, 0x0001),
    (0x11C2F, 0x11C36, 0x0821), (0x11C38, 0x11C3E, 0x0821), (0x11C3F, 0x11C3F, 0x0820), (0x11C40, 0x11C40, 0x0001),
    (0x11C41, 0x11C45, 0x0040), (0x11C50, 0x11C59, 0x0010), (0x11C70, 0x11C71, 0x0040), (0x11C72, 0x11C8F, 0x0001),
    (0x11C92, 0x11CA7, 0x0821), (0x11CA9, 0x11CB6, 0x0821), (0x11D00, 0x11D06, 0x0001), (0x11D08, 0x11D09, 0x0001),
    (0x11D0B, 0x11D30, 0x0001), (0x11D31, 0x11D36, 0x0821), (0x11D3A, 0x11D3A, 0x0821), (0x11D3C, 0x11D3D, 0x0821),
    (0x11D3F, 0x11D41, 0x0821), (0x11D42, 0x11D42, 0x0820), (0x11D43, 0x11D43, 0x0821), (0x11D44, 0x11D45, 0x0820),
    (0x11D46, 0x11D46, 0x5001), (0x11D47, 0x11D47, 0x0821), (0x11D50, 0x11D59, 0x0010), (0x11D60, 0x11D65, 0x0001),
    (0x11D67, 0x11D68, 0x0001), (0x11D6A, 0x11D89, 0x0001), (0x11D8A, 0x11D8E, 0x0821), (0x11D90, 0x11D91, 0x0821),
    (0x11D93, 0x11D96, 0x0821), (0x11D97, 0x11D97, 0x0820), (0x11D98, 0x11D98, 0x0001), (0x11DA0, 0x11DA9, 0x0010),
    (0x11DB0, 0x11DDB, 0x0001), (0x11DE0, 0x11DE9, 0x0010), (0x11EE0, 0x11EF2, 0x0001), (0x11EF3, 0x11EF6, 0x0821),
    (0x11EF7, 0x11EF8, 0x0040), (0x11F00, 0x11F01, 0x0821), (0x11F02, 0x11F02, 0x5001), (0x11F03, 0x11F03, 0x0821),
    (0x11F04, 0x11F10, 0x0001), (0x11F12, 0x11F33, 0x0001), (0x11F34, 0x11F3A, 0x0821), (0x11F3E, 0x11F40, 0x0821),
    (0x11F41, 0x11F41, 0x0820), (0x11F42, 0x11F42, 0x8820), (0x11F43, 0x11F4F, 0x0040), (0x11F50, 0x11F59, 0x0010),
    (0x11F5A, 0x11F5A, 0x0820), (0x11FB0, 0x11FB0, 0x0001), (0x11FD5, 0x11FF1, 0x0080), (0x11FFF, 0x11FFF, 0x0040),
    (0x12000, 0x12399, 0x0001), (0x12400, 0x1246E, 0x0001), (0x12470, 0x12474, 0x0040), (0x12480, 0x12543, 0x0001),
    (0x12F90, 0x12FF0, 0x0001), (0x12FF1, 0x12FF2, 0x0040), (0x13000, 0x1342F, 0x0001), (0x13430, 0x1343F, 0x3200),
    (0x13440, 0x13440, 0x0820), (0x13441, 0x13446, 0x0001), (0x13447, 0x13455, 0x0820), (0x13460, 0x143FA, 0x0001),
    (0x14400, 0x14646, 0x0001), (0x16100, 0x1611D, 0x0001), (0x1611E, 0x1612E, 0x0821), (0x1612F, 0x1612F, 0x0820),
    (0x16130, 0x16139, 0x0010), (0x16800, 0x16A38, 0x0001), (0x16A40, 0x16A5E, 0x0001), (0x16A60, 0x16A69, 0x0010),
    (0x16A6E, 0x16A6F, 0x0040), (0x16A70, 0x16ABE, 0x0001), (0x16AC0, 0x16AC9, 0x0010), (0x16AD0, 0x16AED, 0x0001),
    (0x16AF0, 0x16AF4, 0x0820), (0x16AF5, 0x16AF5, 0x0040), (0x16B00, 0x16B2F, 0x0001), (0x16B30, 0x16B36, 0x0820),
    (0x16B37, 0x16B3B, 0x0040), (0x16B3C, 0x16B3F, 0x0080), (0x16B40, 0x16B43, 0x0001), (0x16B44, 0x16B44, 0x0040),
    (0x16B45, 0x16B45, 0x0080), (0x16B50, 0x16B59, 0x0010), (0x16B63, 0x16B77, 0x0001), (0x16B7D, 0x16B8F, 0x0001),
    (0x16D40, 0x16D62, 0x0001), (0x16D63, 0x16D63, 0x1001), (0x16D64, 0x16D66, 0x0001), (0x16D67, 0x16D6A, 0x1001),
    (0x16D6B, 0x16D6C, 0x0001), (0x16D6D, 0x16D6F, 0x0040), (0x16D70, 0x16D79, 0x0010), (0x16E40, 0x16E5F, 0x0003),
    (0x16E60, 0x16E7F, 0x0005), (0x16E97, 0x16E9A, 0x0040), (0x16EA0, 0x16EB8, 0x0003), (0x16EBB, 0x16ED3, 0x0005),
    (0x16F00, 0x16F4A, 0x0001), (0x16F4F, 0x16F4F, 0x0821), (0x16F50, 0x16F50, 0x0001), (0x16F51, 0x16F87, 0x0821),
    (0x16F8F, 0x16F92, 0x0821), (0x16F93, 0x16F9F, 0x0001), (0x16FE0, 0x16FE1, 0x0001), (0x16FE2, 0x16FE2, 0x0040),
    (0x16FE3, 0x16FE3, 0x0001), (0x16FE4, 0x16FE4, 0x0820), (0x16FF0, 0x16FF1, 0x0821), (0x16FF2, 0x16FF6, 0x0001),
    (0x17000, 0x18CD5, 0x0001), (0x18CFF, 0x18D1E, 0x0001), (0x18D80, 0x18DF2, 0x0001), (0x1AFF0, 0x1AFF3, 0x0001),
    (0x1AFF5, 0x1AFFB, 0x0001), (0x1AFFD, 0x1AFFE, 0x0001), (0x1B000, 0x1B122, 0x0001), (0x1B132, 0x1B132, 0x0001),
    (0x1B150, 0x1B152, 0x0001), (0x1B155, 0x1B155, 0x0001), (0x1B164, 0x1B167, 0x0001), (0x1B170, 0x1B2FB, 0x0001),
    (0x1BC00, 0x1BC6A, 0x0001), (0x1BC70, 0x1BC7C, 0x0001), (0x1BC80, 0x1BC88, 0x0001), (0x1BC90, 0x1BC99, 0x0001),
    (0x1BC9C, 0x1BC9C, 0x0080), (0x1BC9D, 0x1BC9D, 0x0820), (0x1BC9E, 0x1BC9E, 0x0821), (0x1BC9F, 0x1BC9F, 0x0040),
    (0x1BCA0, 0x1BCA3, 0x3200), (0x1CC00, 0x1CCEF, 0x0080), (0x1CCF0, 0x1CCF9, 0x0010), (0x1CCFA, 0x1CCFC, 0x0080),
    (0x1CD00, 0x1CEB3, 0x0080), (0x1CEBA, 0x1CED0, 0x0080), (0x1CEE0, 0x1CEF0, 0x0080), (0x1CF00, 0x1CF2D, 0x0820),
    (0x1CF30, 0x1CF46, 0x0820), (0x1CF50, 0x1CFC3, 0x0080), (0x1D000, 0x1D0F5, 0x0080), (0x1D100, 0x1D126, 0x0080),
    (0x1D129, 0x1D164, 0x0080), (0x1D165, 0x1D169, 0x0820), (0x1D16A, 0x1D16C, 0x0080), (0x1D16D, 0x1D172, 0x0820),
    (0x1D173, 0x1D17A, 0x3200), (0x1D17B, 0x1D182, 0x0820), (0x1D183, 0x1D184, 0x0080), (0x1D185, 0x1D18B, 0x0820),
    (0x1D18C, 0x1D1A9, 0x0080), (0x1D1AA, 0x1D1AD, 0x0820), (0x1D1AE, 0x1D1EA, 0x0080), (0x1D200, 0x1D241, 0x0080),
    (0x1D242, 0x1D244, 0x0820), (0x1D245, 0x1D245, 0x0080), (0x1D300, 0x1D356, 0x0080), (0x1D400, 0x1D419, 0x0003),
    (0x1D41A, 0x1D433, 0x0005), (0x1D434, 0x1D44D, 0x0003), (0x1D44E, 0x1D454, 0x0005), (0x1D456, 0x1D467, 0x0005),
    (0x1D468, 0x1D481, 0x0003), (0x1D482, 0x1D49B, 0x0005), (0x1D49C, 0x1D49C, 0x0003), (0x1D49E, 0x1D49F, 0x0003),
    (0x1D4A2, 0x1D4A2, 0x0003), (0x1D4A5, 0x1D4A6, 0x0003), (0x1D4A9, 0x1D4AC, 0x0003), (0x1D4AE, 0x1D4B5, 0x0003),
    (0x1D4B6, 0x1D4B9, 0x0005), (0x1D4BB, 0x1D4BB, 0x0005), (0x1D4BD, 0x1D4C3, 0x0005), (0x1D4C5, 0x1D4CF, 0x0005),
    (0x1D4D0, 0x1D4E9, 0x0003), (0x1D4EA, 0x1D503, 0x0005), (0x1D504, 0x1D505, 0x0003), (0x1D507, 0x1D50A, 0x0003),
    (0x1D50D, 0x1D514, 0x0003), (0x1D516, 0x1D51C, 0x0003), (0x1D51E, 0x1D537, 0x0005), (0x1D538, 0x1D539, 0x0003),
    (0x1D53B, 0x1D53E, 0x0003), (0x1D540, 0x1D544, 0x0003), (0x1D546, 0x1D546, 0x0003), (0x1D54A, 0x1D550, 0x0003),
    (0x1D552, 0x1D56B, 0x0005), (0x1D56C, 0x1D585, 0x0003), (0x1D586, 0x1D59F, 0x0005), (0x1D5A0, 0x1D5B9, 0x0003),
    (0x1D5BA, 0x1D5D3, 0x0005), (0x1D5D4, 0x1D5ED, 0x0003), (0x1D5EE, 0x1D607, 0x0005), (0x1D608, 0x1D621, 0x0003),
    (0x1D622, 0x1D63B, 0x0005), (0x1D63C, 0x1D655, 0x0003), (0x1D656, 0x1D66F, 0x0005), (0x1D670, 0x1D689, 0x0003),
    (0x1D68A, 0x1D6A5, 0x0005), (0x1D6A8, 0x1D6C0, 0x0003), (0x1D6C1, 0x1D6C1, 0x0080), (0x1D6C2, 0x1D6DA, 0x0005),
    (0x1D6DB, 0x1D6DB, 0x0080), (0x1D6DC, 0x1D6E1, 0x0005), (0x1D6E2, 0x1D6FA, 0x0003), (0x1D6FB, 0x1D6FB, 0x0080),
    (0x1D6FC, 0x1D714, 0x0005), (0x1D715, 0x1D715, 0x0080), (0x1D716, 0x1D71B, 0x0005), (0x1D71C, 0x1D734, 0x0003),
    (0x1D735, 0x1D735, 0x0080), (0x1D736, 0x1D74E, 0x0005), (0x1D74F, 0x1D74F, 0x0080), (0x1D750, 0x1D755, 0x0005),
    (0x1D756, 0x1D76E, 0x0003), (0x1D76F, 0x1D76F, 0x0080), (0x1D770, 0x1D788, 0x0005), (0x1D789, 0x1D789, 0x0080),
    (0x1D78A, 0x1D78F, 0x0005), (0x1D790, 0x1D7A8, 0x0003), (0x1D7A9, 0x1D7A9, 0x0080), (0x1D7AA, 0x1D7C2, 0x0005),
    (0x1D7C3, 0x1D7C3, 0x0080), (0x1D7C4, 0x1D7C9, 0x0005), (0x1D7CA, 0x1D7CA, 0x0003), (0x1D7CB, 0x1D7CB, 0x0005),
    (0x1D7CE, 0x1D7FF, 0x0010), (0x1D800, 0x1D9FF, 0x0080), (0x1DA00, 0x1DA36, 0x0820), (0x1DA37, 0x1DA3A, 0x0080),
    (0x1DA3B, 0x1DA6C, 0x0820), (0x1DA6D, 0x1DA74, 0x0080), (0x1DA75, 0x1DA75, 0x0820), (0x1DA76, 0x1DA83, 0x0080),
    (0x1DA84, 0x1DA84, 0x0820), (0x1DA85, 0x1DA86, 0x0080), (0x1DA87, 0x1DA8B, 0x0040), (0x1DA9B, 0x1DA9F, 0x0820),
    (0x1DAA1, 0x1DAAF, 0x0820), (0x1DF00, 0x1DF09, 0x0005), (0x1DF0A, 0x1DF0A, 0x0001), (0x1DF0B, 0x1DF1E, 0x0005),
    (0x1DF25, 0x1DF2A, 0x0005), (0x1E000, 0x1E006, 0x0821), (0x1E008, 0x1E018, 0x0821), (0x1E01B, 0x1E021, 0x0821),
    (0x1E023, 0x1E024, 0x0821), (0x1E026, 0x1E02A, 0x0821), (0x1E030, 0x1E06D, 0x0005), (0x1E08F, 0x1E08F, 0x0821),
    (0x1E100, 0x1E12C, 0x0001), (0x1E130, 0x1E136, 0x0820), (0x1E137, 0x1E13D, 0x0001), (0x1E140, 0x1E149, 0x0010),
    (0x1E14E, 0x1E14E, 0x0001), (0x1E14F, 0x1E14F, 0x0080), (0x1E290, 0x1E2AD, 0x0001), (0x1E2AE, 0x1E2AE, 0x0820),
    (0x1E2C0, 0x1E2EB, 0x0001), (0x1E2EC, 0x1E2EF, 0x0820), (0x1E2F0, 0x1E2F9, 0x0010), (0x1E2FF, 0x1E2FF, 0x0080),
    (0x1E4D0, 0x1E4EB, 0x0001), (0x1E4EC, 0x1E4EF, 0x0820), (0x1E4F0, 0x1E4F9, 0x0010), (0x1E5D0, 0x1E5ED, 0x0001),
    (0x1E5EE, 0x1E5EF, 0x0820), (0x1E5F0, 0x1E5F0, 0x0001), (0x1E5F1, 0x1E5FA, 0x0010), (0x1E5FF, 0x1E5FF, 0x0040),
    (0x1E6C0, 0x1E6DE, 0x0001), (0x1E6E0, 0x1E6E2, 0x0001), (0x1E6E3, 0x1E6E3, 0x0821), (0x1E6E4, 0x1E6E5, 0x0001),
    (0x1E6E6, 0x1E6E6, 0x0821), (0x1E6E7, 0x1E6ED, 0x0001), (0x1E6EE, 0x1E6EF, 0x0821), (0x1E6F0, 0x1E6F4, 0x0001),
    (0x1E6F5, 0x1E6F5, 0x0821), (0x1E6FE, 0x1E6FF, 0x0001), (0x1E7E0, 0x1E7E6, 0x0001), (0x1E7E8, 0x1E7EB, 0x0001),
    (0x1E7ED, 0x1E7EE, 0x0001), (0x1E7F0, 0x1E7FE, 0x0001), (0x1E800, 0x1E8C4, 0x0001), (0x1E8D0, 0x1E8D6, 0x0820),
    (0x1E900, 0x1E921, 0x0003), (0x1E922, 0x1E943, 0x0005), (0x1E944, 0x1E946, 0x0820), (0x1E947, 0x1E947, 0x0821),
    (0x1E948, 0x1E94A, 0x0820), (0x1E94B, 0x1E94B, 0x0001), (0x1E950, 0x1E959, 0x0010), (0x1E95E, 0x1E95F, 0x0040),
    (0x1ECAC, 0x1ECAC, 0x0080), (0x1ECB0, 0x1ECB0, 0x0080), (0x1ED2E, 0x1ED2E, 0x0080), (0x1EE00, 0x1EE03, 0x0001),
    (0x1EE05, 0x1EE1F, 0x0001), (0x1EE21, 0x1EE22, 0x0001), (0x1EE24, 0x1EE24, 0x0001), (0x1EE27, 0x1EE27, 0x0001),
    (0x1EE29, 0x1EE32, 0x0001), (0x1EE34, 0x1EE37, 0x0001), (0x1EE39, 0x1EE39, 0x0001), (0x1EE3B, 0x1EE3B, 0x0001),
    (0x1EE42, 0x1EE42, 0x0001), (0x1EE47, 0x1EE47, 0x0001), (0x1EE49, 0x1EE49, 0x0001), (0x1EE4B, 0x1EE4B, 0x0001),
    (0x1EE4D, 0x1EE4F, 0x0001), (0x1EE51, 0x1EE52, 0x0001), (0x1EE54, 0x1EE54, 0x0001), (0x1EE57, 0x1EE57, 0x0001),
    (0x1EE59, 0x1EE59, 0x0001), (0x1EE5B, 0x1EE5B, 0x0001), (0x1EE5D, 0x1EE5D, 0x0001), (0x1EE5F, 0x1EE5F, 0x0001),
    (0x1EE61, 0x1EE62, 0x0001), (0x1EE64, 0x1EE64, 0x0001), (0x1EE67, 0x1EE6A, 0x0001), (0x1EE6C, 0x1EE72, 0x0001),
    (0x1EE74, 0x1EE77, 0x0001), (0x1EE79, 0x1EE7C, 0x0001), (0x1EE7E, 0x1EE7E, 0x0001), (0x1EE80, 0x1EE89, 0x0001),
    (0x1EE8B, 0x1EE9B, 0x0001), (0x1EEA1, 0x1EEA3, 0x0001), (0x1EEA5, 0x1EEA9, 0x0001), (0x1EEAB, 0x1EEBB, 0x0001),
    (0x1EEF0, 0x1EEF1, 0x0080), (0x1F000, 0x1F003, 0x0080), (0x1F004, 0x1F004, 0x1080), (0x1F005, 0x1F02B, 0x0080),
    (0x1F02C, 0x1F02F, 0x1000), (0x1F030, 0x1F093, 0x0080), (0x1F094, 0x1F09F, 0x1000), (0x1F0A0, 0x1F0AE, 0x0080),
    (0x1F0AF, 0x1F0B0, 0x1000), (0x1F0B1, 0x1F0BF, 0x0080), (0x1F0C0, 0x1F0C0, 0x1000), (0x1F0C1, 0x1F0CE, 0x0080),
    (0x1F0CF, 0x1F0CF, 0x1080), (0x1F0D0, 0x1F0D0, 0x1000), (0x1F0D1, 0x1F0F5, 0x0080), (0x1F0F6, 0x1F0FF, 0x1000),
    (0x1F10D, 0x1F12F, 0x0080), (0x1F130, 0x1F149, 0x0083), (0x1F14A, 0x1F14F, 0x0080), (0x1F150, 0x1F169, 0x0083),
    (0x1F16A, 0x1F16F, 0x0080), (0x1F170, 0x1F171, 0x1083), (0x1F172, 0x1F17D, 0x0083), (0x1F17E, 0x1F17F, 0x1083),
    (0x1F180, 0x1F189, 0x0083), (0x1F18A, 0x1F18D, 0x0080), (0x1F18E, 0x1F18E, 0x1080), (0x1F18F, 0x1F190, 0x0080),
    (0x1F191, 0x1F19A, 0x1080), (0x1F19B, 0x1F1AD, 0x0080), (0x1F1AE, 0x1F1E5, 0x1000), (0x1F1E6, 0x1F1FF, 0x1080),
    (0x1F200, 0x1F200, 0x0080), (0x1F201, 0x1F202, 0x1080), (0x1F203, 0x1F20F, 0x1000), (0x1F210, 0x1F219, 0x0080),
    (0x1F21A, 0x1F21A, 0x1080), (0x1F21B, 0x1F22E, 0x0080), (0x1F22F, 0x1F22F, 0x1080), (0x1F230, 0x1F231, 0x0080),
    (0x1F232, 0x1F23A, 0x1080), (0x1F23B, 0x1F23B, 0x0080), (0x1F23C, 0x1F23F, 0x1000), (0x1F240, 0x1F248, 0x0080),
    (0x1F249, 0x1F24F, 0x1000), (0x1F250, 0x1F251, 0x1080), (0x1F252, 0x1F25F, 0x1000), (0x1F260, 0x1F265, 0x0080),
    (0x1F266, 0x1F2FF, 0x1000), (0x1F300, 0x1F321, 0x1080), (0x1F322, 0x1F323, 0x0080), (0x1F324, 0x1F393, 0x1080),
    (0x1F394, 0x1F395, 0x0080), (0x1F396, 0x1F397, 0x1080), (0x1F398, 0x1F398, 0x0080), (0x1F399, 0x1F39B, 0x1080),
    (0x1F39C, 0x1F39D, 0x0080), (0x1F39E, 0x1F3F0, 0x1080), (0x1F3F1, 0x1F3F2, 0x0080), (0x1F3F3, 0x1F3F5, 0x1080),
    (0x1F3F6, 0x1F3F6, 0x0080), (0x1F3F7, 0x1F3FA, 0x1080), (0x1F3FB, 0x1F3FF, 0x0880), (0x1F400, 0x1F4FD, 0x1080),
    (0x1F4FE, 0x1F4FE, 0x0080), (0x1F4FF, 0x1F53D, 0x1080), (0x1F53E, 0x1F548, 0x0080), (0x1F549, 0x1F54E, 0x1080),
    (0x1F54F, 0x1F54F, 0x0080), (0x1F550, 0x1F567, 0x1080), (0x1F568, 0x1F56E, 0x0080), (0x1F56F, 0x1F570, 0x1080),
    (0x1F571, 0x1F572, 0x0080), (0x1F573, 0x1F57A, 0x1080), (0x1F57B, 0x1F586, 0x0080), (0x1F587, 0x1F587, 0x1080),
    (0x1F588, 0x1F589, 0x0080), (0x1F58A, 0x1F58D, 0x1080), (0x1F58E, 0x1F58F, 0x0080), (0x1F590, 0x1F590, 0x1080),
    (0x1F591, 0x1F594, 0x0080), (0x1F595, 0x1F596, 0x1080), (0x1F597, 0x1F5A3, 0x0080), (0x1F5A4, 0x1F5A5, 0x1080),
    (0x1F5A6, 0x1F5A7, 0x0080), (0x1F5A8, 0x1F5A8, 0x1080), (0x1F5A9, 0x1F5B0, 0x0080), (0x1F5B1, 0x1F5B2, 0x1080),
    (0x1F5B3, 0x1F5BB, 0x0080), (0x1F5BC, 0x1F5BC, 0x1080), (0x1F5BD, 0x1F5C1, 0x0080), (0x1F5C2, 0x1F5C4, 0x1080),
    (0x1F5C5, 0x1F5D0, 0x0080), (0x1F5D1, 0x1F5D3, 0x1080), (0x1F5D4, 0x1F5DB, 0x0080), (0x1F5DC, 0x1F5DE, 0x1080),
    (0x1F5DF, 0x1F5E0, 0x0080), (0x1F5E1, 0x1F5E1, 0x1080), (0x1F5E2, 0x1F5E2, 0x0080), (0x1F5E3, 0x1F5E3, 0x1080),
    (0x1F5E4, 0x1F5E7, 0x0080), (0x1F5E8, 0x1F5E8, 0x1080), (0x1F5E9, 0x1F5EE, 0x0080), (0x1F5EF, 0x1F5EF, 0x1080),
    (0x1F5F0, 0x1F5F2, 0x0080), (0x1F5F3, 0x1F5F3, 0x1080), (0x1F5F4, 0x1F5F9, 0x0080), (0x1F5FA, 0x1F64F, 0x1080),
    (0x1F650, 0x1F67F, 0x0080), (0x1F680, 0x1F6C5, 0x1080), (0x1F6C6, 0x1F6CA, 0x0080), (0x1F6CB, 0x1F6D2, 0x1080),
    (0x1F6D3, 0x1F6D4, 0x0080), (0x1F6D5, 0x1F6D8, 0x1080), (0x1F6D9, 0x1F6DB, 0x1000), (0x1F6DC, 0x1F6E5, 0x1080),
    (0x1F6E6, 0x1F6E8, 0x0080), (0x1F6E9, 0x1F6E9, 0x1080), (0x1F6EA, 0x1F6EA, 0x0080), (0x1F6EB, 0x1F6EC, 0x1080),
    (0x1F6ED, 0x1F6EF, 0x1000), (0x1F6F0, 0x1F6F0, 0x1080), (0x1F6F1, 0x1F6F2, 0x0080), (0x1F6F3, 0x1F6FC, 0x1080),
    (0x1F6FD, 0x1F6FF, 0x1000), (0x1F700, 0x1F7D9, 0x0080), (0x1F7DA, 0x1F7DF, 0x1000), (0x1F7E0, 0x1F7EB, 0x1080),
    (0x1F7EC, 0x1F7EF, 0x1000), (0x1F7F0, 0x1F7F0, 0x1080), (0x1F7F1, 0x1F7FF, 0x1000), (0x1F800, 0x1F80B, 0x0080),
    (0x1F80C, 0x1F80F, 0x1000), (0x1F810, 0x1F847, 0x0080), (0x1F848, 0x1F84F, 0x1000), (0x1F850, 0x1F859, 0x0080),
    (0x1F85A, 0x1F85F, 0x1000), (0x1F860, 0x1F887, 0x0080), (0x1F888, 0x1F88F, 0x1000), (0x1F890, 0x1F8AD, 0x0080),
    (0x1F8AE, 0x1F8AF, 0x1000), (0x1F8B0, 0x1F8BB, 0x0080), (0x1F8BC, 0x1F8BF, 0x1000), (0x1F8C0, 0x1F8C1, 0x0080),
    (0x1F8C2, 0x1F8CF, 0x1000), (0x1F8D0, 0x1F8D8, 0x0080), (0x1F8D9, 0x1F8FF, 0x1000), (0x1F900, 0x1F90B, 0x0080),
    (0x1F90C, 0x1F93A, 0x1080), (0x1F93B, 0x1F93B, 0x0080), (0x1F93C, 0x1F945, 0x1080), (0x1F946, 0x1F946, 0x0080),
    (0x1F947, 0x1F9FF, 0x1080), (0x1FA00, 0x1FA57, 0x0080), (0x1FA58, 0x1FA5F, 0x1000), (0x1FA60, 0x1FA6D, 0x0080),
    (0x1FA6E, 0x1FA6F, 0x1000), (0x1FA70, 0x1FA7C, 0x1080), (0x1FA7D, 0x1FA7F, 0x1000), (0x1FA80, 0x1FA8A, 0x1080),
    (0x1FA8B, 0x1FA8D, 0x1000), (0x1FA8E, 0x1FAC6, 0x1080), (0x1FAC7, 0x1FAC7, 0x1000), (0x1FAC8, 0x1FAC8, 0x1080),
    (0x1FAC9, 0x1FACC, 0x1000), (0x1FACD, 0x1FADC, 0x1080), (0x1FADD, 0x1FADE, 0x1000), (0x1FADF, 0x1FAEA, 0x1080),
    (0x1FAEB, 0x1FAEE, 0x1000), (0x1FAEF, 0x1FAF8, 0x1080), (0x1FAF9, 0x1FAFF, 0x1000), (0x1FB00, 0x1FB92, 0x0080),
    (0x1FB94, 0x1FBEF, 0x0080), (0x1FBF0, 0x1FBF9, 0x0010), (0x1FBFA, 0x1FBFA, 0x0080), (0x1FC00, 0x1FFFD, 0x1000),
    (0x1FFFE, 0x1FFFF, 0x0400), (0x20000, 0x2A6DF, 0x0001), (0x2A700, 0x2B81D, 0x0001), (0x2B820, 0x2CEAD, 0x0001),
    (0x2CEB0, 0x2EBE0, 0x0001), (0x2EBF0, 0x2EE5D, 0x0001), (0x2F800, 0x2FA1D, 0x0001), (0x2FFFE, 0x2FFFF, 0x0400),
    (0x30000, 0x3134A, 0x0001), (0x31350, 0x33479, 0x0001), (0x3FFFE, 0x3FFFF, 0x0400), (0x4FFFE, 0x4FFFF, 0x0400),
    (0x5FFFE, 0x5FFFF, 0x0400), (0x6FFFE, 0x6FFFF, 0x0400), (0x7FFFE, 0x7FFFF, 0x0400), (0x8FFFE, 0x8FFFF, 0x0400),
    (0x9FFFE, 0x9FFFF, 0x0400), (0xAFFFE, 0xAFFFF, 0x0400), (0xBFFFE, 0xBFFFF, 0x0400), (0xCFFFE, 0xCFFFF, 0x0400),
    (0xDFFFE, 0xDFFFF, 0x0400), (0xE0000, 0xE0000, 0x3000), (0xE0001, 0xE0001, 0x3200), (0xE0002, 0xE001F, 0x3000),
    (0xE0020, 0xE007F, 0x0A00), (0xE0080, 0xE00FF, 0x3000), (0xE0100, 0xE01EF, 0x0820), (0xE01F0, 0xE0FFF, 0x3000),
    (0xEFFFE, 0xEFFFF, 0x0400), (0xFFFFE, 0xFFFFF, 0x0400), (0x10FFFE, 0x10FFFF, 0x0400),
];

/// Index of the first [`CLASS_RANGES`] entry at or above U+10000.
pub(super) const ASTRAL_START: usize = 2362;

/// Flat classes for U+0000..=U+007F: one load, no indirection.
#[rustfmt::skip]
pub(super) static ASCII: [u16; 128] = [
    0x3100, 0x3100, 0x3100, 0x3100, 0x3100, 0x3100, 0x3100, 0x3100,
    0x3100, 0x3108, 0x3108, 0x3108, 0x3108, 0x3108, 0x3100, 0x3100,
    0x3100, 0x3100, 0x3100, 0x3100, 0x3100, 0x3100, 0x3100, 0x3100,
    0x3100, 0x3100, 0x3100, 0x3100, 0x3100, 0x3100, 0x3100, 0x3100,
    0x0008, 0x0040, 0x0040, 0x0040, 0x0080, 0x0040, 0x0040, 0x0040,
    0x0040, 0x0040, 0x0040, 0x0080, 0x0040, 0x0040, 0x0040, 0x0040,
    0x0010, 0x0010, 0x0010, 0x0010, 0x0010, 0x0010, 0x0010, 0x0010,
    0x0010, 0x0010, 0x0040, 0x0040, 0x0080, 0x0080, 0x0080, 0x0040,
    0x0040, 0x0003, 0x0003, 0x0003, 0x0003, 0x0003, 0x0003, 0x0003,
    0x0003, 0x0003, 0x0003, 0x0003, 0x0003, 0x0003, 0x0003, 0x0003,
    0x0003, 0x0003, 0x0003, 0x0003, 0x0003, 0x0003, 0x0003, 0x0003,
    0x0003, 0x0003, 0x0003, 0x0040, 0x0040, 0x0040, 0x0080, 0x0040,
    0x0080, 0x0005, 0x0005, 0x0005, 0x0005, 0x0005, 0x0005, 0x0005,
    0x0005, 0x0005, 0x0005, 0x0005, 0x0005, 0x0005, 0x0005, 0x0005,
    0x0005, 0x0005, 0x0005, 0x0005, 0x0005, 0x0005, 0x0005, 0x0005,
    0x0005, 0x0005, 0x0005, 0x0040, 0x0080, 0x0040, 0x0080, 0x3100,
];

/// One [`BLOCKS`] id per BMP `cp >> 6`. A UTF-8 lead/continuation
/// pair yields the same index without decoding the scalar.
#[rustfmt::skip]
pub(super) static BLOCK_INDEX: [u16; 1024] = [
    0x0001, 0x0002, 0x0003, 0x0004, 0x0005, 0x0006, 0x0007, 0x0008, 0x0009, 0x000A, 0x000B, 0x000C, 0x000D, 0x000E, 0x000F, 0x0010,
    0x0011, 0x0012, 0x0013, 0x0014, 0x0015, 0x0016, 0x0017, 0x0018, 0x0019, 0x001A, 0x001B, 0x001C, 0x001D, 0x001E, 0x001F, 0x0020,
    0x0021, 0x0022, 0x0023, 0x0024, 0x0025, 0x0026, 0x0027, 0x0028, 0x0029, 0x002A, 0x002B, 0x002C, 0x002D, 0x002E, 0x002F, 0x0030,
    0x0031, 0x0032, 0x0033, 0x0034, 0x0035, 0x0036, 0x0037, 0x0038, 0x0039, 0x003A, 0x003B, 0x003C, 0x003D, 0x003E, 0x003F, 0x0040,
    0x0041, 0x0042, 0x0043, 0x0044, 0x0045, 0x0045, 0x0045, 0x0045, 0x001B, 0x0046, 0x0047, 0x0048, 0x0049, 0x004A, 0x004B, 0x004C,
    0x004D, 0x001B, 0x001B, 0x001B, 0x001B, 0x001B, 0x001B, 0x001B, 0x001B, 0x004E, 0x004F, 0x0050, 0x0051, 0x0052, 0x0053, 0x0054,
    0x0055, 0x0056, 0x0057, 0x0058, 0x0059, 0x005A, 0x005B, 0x005C, 0x005D, 0x005E, 0x005F, 0x0060, 0x0061, 0x0062, 0x0063, 0x0064,
    0x0065, 0x0066, 0x0067, 0x0068, 0x0069, 0x0069, 0x0069, 0x006A, 0x006B, 0x006B, 0x006C, 0x006B, 0x006D, 0x006E, 0x006F, 0x0070,
    0x0071, 0x0072, 0x0073, 0x0074, 0x0075, 0x0076, 0x0077, 0x0078, 0x0078, 0x0078, 0x0078, 0x0078, 0x0079, 0x0078, 0x0078, 0x007A,
    0x007B, 0x007C, 0x007D, 0x007E, 0x0078, 0x0078, 0x007F, 0x0080, 0x0081, 0x0082, 0x0083, 0x0084, 0x0085, 0x0086, 0x0087, 0x0088,
    0x0078, 0x0078, 0x0078, 0x0078, 0x0089, 0x0078, 0x008A, 0x008B, 0x0078, 0x0078, 0x0078, 0x0078, 0x008C, 0x008D, 0x0078, 0x0078,
    0x0011, 0x008E, 0x006B, 0x008F, 0x0090, 0x0091, 0x0092, 0x0093, 0x0094, 0x0095, 0x0096, 0x0097, 0x0078, 0x0078, 0x0078, 0x0098,
    0x0099, 0x009A, 0x009B, 0x009C, 0x009D, 0x001B, 0x009E, 0x009F, 0x00A0, 0x00A1, 0x00A2, 0x0078, 0x0078, 0x0078, 0x0078, 0x0078,
    0x001B, 0x001B, 0x001B, 0x001B, 0x001B, 0x001B, 0x001B, 0x001B, 0x001B, 0x001B, 0x001B, 0x001B, 0x001B, 0x001B, 0x001B, 0x001B,
    0x001B, 0x001B, 0x001B, 0x001B, 0x001B, 0x001B, 0x001B, 0x001B, 0x001B, 0x001B, 0x001B, 0x001B, 0x001B, 0x001B, 0x001B, 0x001B,
    0x001B, 0x001B, 0x001B, 0x001B, 0x001B, 0x001B, 0x001B, 0x001B, 0x001B, 0x001B, 0x001B, 0x001B, 0x001B, 0x001B, 0x001B, 0x001B,
    0x001B, 0x001B, 0x001B, 0x001B, 0x001B, 0x001B, 0x001B, 0x001B, 0x001B, 0x001B, 0x001B, 0x001B, 0x001B, 0x001B, 0x001B, 0x001B,
    0x001B, 0x001B, 0x001B, 0x001B, 0x001B, 0x001B, 0x001B, 0x001B, 0x001B, 0x001B, 0x001B, 0x001B, 0x001B, 0x001B, 0x001B, 0x001B,
    0x001B, 0x001B, 0x001B, 0x001B, 0x001B, 0x001B, 0x001B, 0x001B, 0x001B, 0x001B, 0x001B, 0x001B, 0x001B, 0x001B, 0x001B, 0x001B,
    0x001B, 0x001B, 0x001B, 0x001B, 0x001B, 0x001B, 0x001B, 0x0078, 0x001B, 0x001B, 0x001B, 0x001B, 0x001B, 0x001B, 0x001B, 0x001B,
    0x001B, 0x001B, 0x001B, 0x001B, 0x001B, 0x001B, 0x001B, 0x001B, 0x001B, 0x001B, 0x001B, 0x001B, 0x001B, 0x001B, 0x001B, 0x001B,
    0x001B, 0x001B, 0x001B, 0x001B, 0x001B, 0x001B, 0x001B, 0x001B, 0x001B, 0x001B, 0x001B, 0x001B, 0x001B, 0x001B, 0x001B, 0x001B,
    0x001B, 0x001B, 0x001B, 0x001B, 0x001B, 0x001B, 0x001B, 0x001B, 0x001B, 0x001B, 0x001B, 0x001B, 0x001B, 0x001B, 0x001B, 0x001B,
    0x001B, 0x001B, 0x001B, 0x001B, 0x001B, 0x001B, 0x001B, 0x001B, 0x001B, 0x001B, 0x001B, 0x001B, 0x001B, 0x001B, 0x001B, 0x001B,
    0x001B, 0x001B, 0x001B, 0x001B, 0x001B, 0x001B, 0x001B, 0x001B, 0x001B, 0x001B, 0x001B, 0x001B, 0x001B, 0x001B, 0x001B, 0x001B,
    0x001B, 0x001B, 0x001B, 0x001B, 0x001B, 0x001B, 0x001B, 0x001B, 0x001B, 0x001B, 0x001B, 0x001B, 0x001B, 0x001B, 0x001B, 0x001B,
    0x001B, 0x001B, 0x001B, 0x001B, 0x001B, 0x001B, 0x001B, 0x001B, 0x001B, 0x001B, 0x001B, 0x001B, 0x001B, 0x001B, 0x001B, 0x001B,
    0x001B, 0x001B, 0x001B, 0x001B, 0x001B, 0x001B, 0x001B, 0x001B, 0x001B, 0x001B, 0x001B, 0x001B, 0x001B, 0x001B, 0x001B, 0x001B,
    0x001B, 0x001B, 0x001B, 0x001B, 0x001B, 0x001B, 0x001B, 0x001B, 0x001B, 0x001B, 0x001B, 0x001B, 0x001B, 0x001B, 0x001B, 0x001B,
    0x001B, 0x001B, 0x001B, 0x001B, 0x001B, 0x001B, 0x001B, 0x001B, 0x001B, 0x001B, 0x001B, 0x001B, 0x001B, 0x001B, 0x001B, 0x001B,
    0x001B, 0x001B, 0x001B, 0x001B, 0x001B, 0x001B, 0x001B, 0x001B, 0x001B, 0x001B, 0x001B, 0x001B, 0x001B, 0x001B, 0x001B, 0x001B,
    0x001B, 0x001B, 0x001B, 0x001B, 0x001B, 0x001B, 0x001B, 0x001B, 0x001B, 0x001B, 0x001B, 0x001B, 0x001B, 0x001B, 0x001B, 0x001B,
    0x001B, 0x001B, 0x001B, 0x001B, 0x001B, 0x001B, 0x001B, 0x001B, 0x001B, 0x001B, 0x001B, 0x001B, 0x001B, 0x001B, 0x001B, 0x001B,
    0x001B, 0x001B, 0x001B, 0x001B, 0x001B, 0x001B, 0x001B, 0x001B, 0x001B, 0x001B, 0x001B, 0x001B, 0x001B, 0x001B, 0x001B, 0x001B,
    0x001B, 0x001B, 0x001B, 0x001B, 0x001B, 0x001B, 0x001B, 0x001B, 0x001B, 0x001B, 0x001B, 0x001B, 0x001B, 0x001B, 0x001B, 0x001B,
    0x001B, 0x001B, 0x001B, 0x001B, 0x001B, 0x001B, 0x001B, 0x001B, 0x001B, 0x001B, 0x001B, 0x001B, 0x001B, 0x001B, 0x001B, 0x001B,
    0x001B, 0x001B, 0x001B, 0x001B, 0x001B, 0x001B, 0x001B, 0x001B, 0x001B, 0x001B, 0x001B, 0x001B, 0x001B, 0x001B, 0x001B, 0x001B,
    0x001B, 0x001B, 0x001B, 0x001B, 0x001B, 0x001B, 0x001B, 0x001B, 0x001B, 0x001B, 0x001B, 0x001B, 0x001B, 0x001B, 0x001B, 0x001B,
    0x001B, 0x001B, 0x001B, 0x001B, 0x001B, 0x001B, 0x001B, 0x001B, 0x001B, 0x001B, 0x001B, 0x001B, 0x001B, 0x001B, 0x001B, 0x001B,
    0x001B, 0x001B, 0x001B, 0x001B, 0x001B, 0x001B, 0x001B, 0x001B, 0x001B, 0x001B, 0x001B, 0x001B, 0x001B, 0x001B, 0x001B, 0x001B,
    0x001B, 0x001B, 0x001B, 0x001B, 0x001B, 0x001B, 0x001B, 0x001B, 0x001B, 0x001B, 0x001B, 0x001B, 0x001B, 0x001B, 0x001B, 0x001B,
    0x001B, 0x001B, 0x00A3, 0x00A4, 0x001B, 0x001B, 0x001B, 0x001B, 0x00A5, 0x00A6, 0x00A7, 0x00A8, 0x00A9, 0x00AA, 0x00AB, 0x00AC,
    0x00AD, 0x00AE, 0x00AF, 0x00B0, 0x00B1, 0x00B2, 0x00B3, 0x00B4, 0x00B5, 0x00B6, 0x00B7, 0x00B8, 0x00B9, 0x00BA, 0x0069, 0x00BB,
    0x0045, 0x0045, 0x0045, 0x0045, 0x0045, 0x0045, 0x0045, 0x0045, 0x0045, 0x0045, 0x0045, 0x0045, 0x0045, 0x0045, 0x0045, 0x0045,
    0x0045, 0x0045, 0x0045, 0x0045, 0x0045, 0x0045, 0x0045, 0x0045, 0x0045, 0x0045, 0x0045, 0x0045, 0x0045, 0x0045, 0x0045, 0x0045,
    0x0045, 0x0045, 0x0045, 0x0045, 0x0045, 0x0045, 0x0045, 0x0045, 0x0045, 0x0045, 0x0045, 0x0045, 0x0045, 0x0045, 0x0045, 0x0045,
    0x0045, 0x0045, 0x0045, 0x0045, 0x0045, 0x0045, 0x0045, 0x0045, 0x0045, 0x0045, 0x0045, 0x0045, 0x0045, 0x0045, 0x0045, 0x0045,
    0x0045, 0x0045, 0x0045, 0x0045, 0x0045, 0x0045, 0x0045, 0x0045, 0x0045, 0x0045, 0x0045, 0x0045, 0x0045, 0x0045, 0x0045, 0x0045,
    0x0045, 0x0045, 0x0045, 0x0045, 0x0045, 0x0045, 0x0045, 0x0045, 0x0045, 0x0045, 0x0045, 0x0045, 0x0045, 0x0045, 0x0045, 0x0045,
    0x0045, 0x0045, 0x0045, 0x0045, 0x0045, 0x0045, 0x0045, 0x0045, 0x0045, 0x0045, 0x0045, 0x0045, 0x0045, 0x0045, 0x0045, 0x0045,
    0x0045, 0x0045, 0x0045, 0x0045, 0x0045, 0x0045, 0x0045, 0x0045, 0x0045, 0x0045, 0x0045, 0x0045, 0x0045, 0x0045, 0x0045, 0x0045,
    0x0045, 0x0045, 0x0045, 0x0045, 0x0045, 0x0045, 0x0045, 0x0045, 0x0045, 0x0045, 0x0045, 0x0045, 0x0045, 0x0045, 0x0045, 0x0045,
    0x0045, 0x0045, 0x0045, 0x0045, 0x0045, 0x0045, 0x0045, 0x0045, 0x0045, 0x0045, 0x0045, 0x0045, 0x0045, 0x0045, 0x0045, 0x0045,
    0x0045, 0x0045, 0x0045, 0x0045, 0x0045, 0x0045, 0x0045, 0x0045, 0x0045, 0x0045, 0x0045, 0x0045, 0x0045, 0x0045, 0x00BC, 0x00BD,
    0x0000, 0x0000, 0x0000, 0x0000, 0x0000, 0x0000, 0x0000, 0x0000, 0x0000, 0x0000, 0x0000, 0x0000, 0x0000, 0x0000, 0x0000, 0x0000,
    0x0000, 0x0000, 0x0000, 0x0000, 0x0000, 0x0000, 0x0000, 0x0000, 0x0000, 0x0000, 0x0000, 0x0000, 0x0000, 0x0000, 0x0000, 0x0000,
    0x0000, 0x0000, 0x0000, 0x0000, 0x0000, 0x0000, 0x0000, 0x0000, 0x0000, 0x0000, 0x0000, 0x0000, 0x0000, 0x0000, 0x0000, 0x0000,
    0x0000, 0x0000, 0x0000, 0x0000, 0x0000, 0x0000, 0x0000, 0x0000, 0x0000, 0x0000, 0x0000, 0x0000, 0x0000, 0x0000, 0x0000, 0x0000,
    0x0000, 0x0000, 0x0000, 0x0000, 0x0000, 0x0000, 0x0000, 0x0000, 0x0000, 0x0000, 0x0000, 0x0000, 0x0000, 0x0000, 0x0000, 0x0000,
    0x0000, 0x0000, 0x0000, 0x0000, 0x0000, 0x0000, 0x0000, 0x0000, 0x0000, 0x0000, 0x0000, 0x0000, 0x0000, 0x0000, 0x0000, 0x0000,
    0x0000, 0x0000, 0x0000, 0x0000, 0x0000, 0x0000, 0x0000, 0x0000, 0x0000, 0x0000, 0x0000, 0x0000, 0x0000, 0x0000, 0x0000, 0x0000,
    0x0000, 0x0000, 0x0000, 0x0000, 0x0000, 0x0000, 0x0000, 0x0000, 0x0000, 0x0000, 0x0000, 0x0000, 0x0000, 0x0000, 0x0000, 0x0000,
    0x0000, 0x0000, 0x0000, 0x0000, 0x001B, 0x001B, 0x001B, 0x001B, 0x001B, 0x00BE, 0x001B, 0x00BF, 0x00C0, 0x00C1, 0x00C2, 0x00C3,
    0x001B, 0x001B, 0x001B, 0x001B, 0x00C4, 0x00C5, 0x00C6, 0x00C7, 0x00C8, 0x00C9, 0x001B, 0x00CA, 0x00CB, 0x00CC, 0x00CD, 0x00CE,
];

/// Deduplicated second-level blocks; block 0 is all-zero.
#[rustfmt::skip]
pub(super) static BLOCKS: [[u16; 64]; 207] = [
    [
    0x0000, 0x0000, 0x0000, 0x0000, 0x0000, 0x0000, 0x0000, 0x0000,
    0x0000, 0x0000, 0x0000, 0x0000, 0x0000, 0x0000, 0x0000, 0x0000,
    0x0000, 0x0000, 0x0000, 0x0000, 0x0000, 0x0000, 0x0000, 0x0000,
    0x0000, 0x0000, 0x0000, 0x0000, 0x0000, 0x0000, 0x0000, 0x0000,
    0x0000, 0x0000, 0x0000, 0x0000, 0x0000, 0x0000, 0x0000, 0x0000,
    0x0000, 0x0000, 0x0000, 0x0000, 0x0000, 0x0000, 0x0000, 0x0000,
    0x0000, 0x0000, 0x0000, 0x0000, 0x0000, 0x0000, 0x0000, 0x0000,
    0x0000, 0x0000, 0x0000, 0x0000, 0x0000, 0x0000, 0x0000, 0x0000,
    ],
    [
    0x3100, 0x3100, 0x3100, 0x3100, 0x3100, 0x3100, 0x3100, 0x3100,
    0x3100, 0x3108, 0x3108, 0x3108, 0x3108, 0x3108, 0x3100, 0x3100,
    0x3100, 0x3100, 0x3100, 0x3100, 0x3100, 0x3100, 0x3100, 0x3100,
    0x3100, 0x3100, 0x3100, 0x3100, 0x3100, 0x3100, 0x3100, 0x3100,
    0x0008, 0x0040, 0x0040, 0x0040, 0x0080, 0x0040, 0x0040, 0x0040,
    0x0040, 0x0040, 0x0040, 0x0080, 0x0040, 0x0040, 0x0040, 0x0040,
    0x0010, 0x0010, 0x0010, 0x0010, 0x0010, 0x0010, 0x0010, 0x0010,
    0x0010, 0x0010, 0x0040, 0x0040, 0x0080, 0x0080, 0x0080, 0x0040,
    ],
    [
    0x0040, 0x0003, 0x0003, 0x0003, 0x0003, 0x0003, 0x0003, 0x0003,
    0x0003, 0x0003, 0x0003, 0x0003, 0x0003, 0x0003, 0x0003, 0x0003,
    0x0003, 0x0003, 0x0003, 0x0003, 0x0003, 0x0003, 0x0003, 0x0003,
    0x0003, 0x0003, 0x0003, 0x0040, 0x0040, 0x0040, 0x0080, 0x0040,
    0x0080, 0x0005, 0x0005, 0x0005, 0x0005, 0x0005, 0x0005, 0x0005,
    0x0005, 0x0005, 0x0005, 0x0005, 0x0005, 0x0005, 0x0005, 0x0005,
    0x0005, 0x0005, 0x0005, 0x0005, 0x0005, 0x0005, 0x0005, 0x0005,
    0x0005, 0x0005, 0x0005, 0x0040, 0x0080, 0x0040, 0x0080, 0x3100,
    ],
    [
    0x3100, 0x3100, 0x3100, 0x3100, 0x3100, 0x3108, 0x3100, 0x3100,
    0x3100, 0x3100, 0x3100, 0x3100, 0x3100, 0x3100, 0x3100, 0x3100,
    0x3100, 0x3100, 0x3100, 0x3100, 0x3100, 0x3100, 0x3100, 0x3100,
    0x3100, 0x3100, 0x3100, 0x3100, 0x3100, 0x3100, 0x3100, 0x3100,
    0x0008, 0x0040, 0x0080, 0x0080, 0x0080, 0x0080, 0x0080, 0x0040,
    0x0080, 0x1080, 0x0005, 0x0040, 0x0080, 0x3200, 0x1080, 0x0080,
    0x0080, 0x0080, 0x0000, 0x0000, 0x0080, 0x0005, 0x0040, 0x0040,
    0x0080, 0x0000, 0x0005, 0x0040, 0x0000, 0x0000, 0x0000, 0x0040,
    ],
    [
    0x0003, 0x0003, 0x0003, 0x0003, 0x0003, 0x0003, 0x0003, 0x0003,
    0x0003, 0x0003, 0x0003, 0x0003, 0x0003, 0x0003, 0x0003, 0x0003,
    0x0003, 0x0003, 0x0003, 0x0003, 0x0003, 0x0003, 0x0003, 0x0080,
    0x0003, 0x0003, 0x0003, 0x0003, 0x0003, 0x0003, 0x0003, 0x0005,
    0x0005, 0x0005, 0x0005, 0x0005, 0x0005, 0x0005, 0x0005, 0x0005,
    0x0005, 0x0005, 0x0005, 0x0005, 0x0005, 0x0005, 0x0005, 0x0005,
    0x0005, 0x0005, 0x0005, 0x0005, 0x0005, 0x0005, 0x0005, 0x0080,
    0x0005, 0x0005, 0x0005, 0x0005, 0x0005, 0x0005, 0x0005, 0x0005,
    ],
    [
    0x0003, 0x0005, 0x0003, 0x0005, 0x0003, 0x0005, 0x0003, 0x0005,
    0x0003, 0x0005, 0x0003, 0x0005, 0x0003, 0x0005, 0x0003, 0x0005,
    0x0003, 0x0005, 0x0003, 0x0005, 0x0003, 0x0005, 0x0003, 0x0005,
    0x0003, 0x0005, 0x0003, 0x0005, 0x0003, 0x0005, 0x0003, 0x0005,
    0x0003, 0x0005, 0x0003, 0x0005, 0x0003, 0x0005, 0x0003, 0x0005,
    0x0003, 0x0005, 0x0003, 0x0005, 0x0003, 0x0005, 0x0003, 0x0005,
    0x0003, 0x0005, 0x0003, 0x0005, 0x0003, 0x0005, 0x0003, 0x0005,
    0x0005, 0x0003, 0x0005, 0x0003, 0x0005, 0x0003, 0x0005, 0x0003,
    ],
    [
    0x0005, 0x0003, 0x0005, 0x0003, 0x0005, 0x0003, 0x0005, 0x0003,
    0x0005, 0x0005, 0x0003, 0x0005, 0x0003, 0x0005, 0x0003, 0x0005,
    0x0003, 0x0005, 0x0003, 0x0005, 0x0003, 0x0005, 0x0003, 0x0005,
    0x0003, 0x0005, 0x0003, 0x0005, 0x0003, 0x0005, 0x0003, 0x0005,
    0x0003, 0x0005, 0x0003, 0x0005, 0x0003, 0x0005, 0x0003, 0x0005,
    0x0003, 0x0005, 0x0003, 0x0005, 0x0003, 0x0005, 0x0003, 0x0005,
    0x0003, 0x0005, 0x0003, 0x0005, 0x0003, 0x0005, 0x0003, 0x0005,
    0x0003, 0x0003, 0x0005, 0x0003, 0x0005, 0x0003, 0x0005, 0x0005,
    ],
    [
    0x0005, 0x0003, 0x0003, 0x0005, 0x0003, 0x0005, 0x0003, 0x0003,
    0x0005, 0x0003, 0x0003, 0x0003, 0x0005, 0x0005, 0x0003, 0x0003,
    0x0003, 0x0003, 0x0005, 0x0003, 0x0003, 0x0005, 0x0003, 0x0003,
    0x0003, 0x0005, 0x0005, 0x0005, 0x0003, 0x0003, 0x0005, 0x0003,
    0x0003, 0x0005, 0x0003, 0x0005, 0x0003, 0x0005, 0x0003, 0x0003,
    0x0005, 0x0003, 0x0005, 0x0005, 0x0003, 0x0005, 0x0003, 0x0003,
    0x0005, 0x0003, 0x0003, 0x0003, 0x0005, 0x0003, 0x0005, 0x0003,
    0x0003, 0x0005, 0x0005, 0x0001, 0x0003, 0x0005, 0x0005, 0x0005,
    ],
    [
    0x0001, 0x0001, 0x0001, 0x0001, 0x0003, 0x0001, 0x0005, 0x0003,
    0x0001, 0x0005, 0x0003, 0x0001, 0x0005, 0x0003, 0x0005, 0x0003,
    0x0005, 0x0003, 0x0005, 0x0003, 0x0005, 0x0003, 0x0005, 0x0003,
    0x0005, 0x0003, 0x0005, 0x0003, 0x0005, 0x0005, 0x0003, 0x0005,
    0x0003, 0x0005, 0x0003, 0x0005, 0x0003, 0x0005, 0x0003, 0x0005,
    0x0003, 0x0005, 0x0003, 0x0005, 0x0003, 0x0005, 0x0003, 0x0005,
    0x0005, 0x0003, 0x0001, 0x0005, 0x0003, 0x0005, 0x0003, 0x0003,
    0x0003, 0x0005, 0x0003, 0x0005, 0x0003, 0x0005, 0x0003, 0x0005,
    ],
    [
    0x0003, 0x0005, 0x0003, 0x0005, 0x0003, 0x0005, 0x0003, 0x0005,
    0x0003, 0x0005, 0x0003, 0x0005, 0x0003, 0x0005, 0x0003, 0x0005,
    0x0003, 0x0005, 0x0003, 0x0005, 0x0003, 0x0005, 0x0003, 0x0005,
    0x0003, 0x0005, 0x0003, 0x0005, 0x0003, 0x0005, 0x0003, 0x0005,
    0x0003, 0x0005, 0x0003, 0x0005, 0x0003, 0x0005, 0x0003, 0x0005,
    0x0003, 0x0005, 0x0003, 0x0005, 0x0003, 0x0005, 0x0003, 0x0005,
    0x0003, 0x0005, 0x0003, 0x0005, 0x0005, 0x0005, 0x0005, 0x0005,
    0x0005, 0x0005, 0x0003, 0x0003, 0x0005, 0x0003, 0x0003, 0x0005,
    ],
    [
    0x0005, 0x0003, 0x0005, 0x0003, 0x0003, 0x0003, 0x0003, 0x0005,
    0x0003, 0x0005, 0x0003, 0x0005, 0x0003, 0x0005, 0x0003, 0x0005,
    0x0005, 0x0005, 0x0005, 0x0005, 0x0005, 0x0005, 0x0005, 0x0005,
    0x0005, 0x0005, 0x0005, 0x0005, 0x0005, 0x0005, 0x0005, 0x0005,
    0x0005, 0x0005, 0x0005, 0x0005, 0x0005, 0x0005, 0x0005, 0x0005,
    0x0005, 0x0005, 0x0005, 0x0005, 0x0005, 0x0005, 0x0005, 0x0005,
    0x0005, 0x0005, 0x0005, 0x0005, 0x0005, 0x0005, 0x0005, 0x0005,
    0x0005, 0x0005, 0x0005, 0x0005, 0x0005, 0x0005, 0x0005, 0x0005,
    ],
    [
    0x0005, 0x0005, 0x0005, 0x0005, 0x0005, 0x0005, 0x0005, 0x0005,
    0x0005, 0x0005, 0x0005, 0x0005, 0x0005, 0x0005, 0x0005, 0x0005,
    0x0005, 0x0005, 0x0005, 0x0005, 0x0001, 0x0001, 0x0005, 0x0005,
    0x0005, 0x0005, 0x0005, 0x0005, 0x0005, 0x0005, 0x0005, 0x0005,
    0x0005, 0x0005, 0x0005, 0x0005, 0x0005, 0x0005, 0x0005, 0x0005,
    0x0005, 0x0005, 0x0005, 0x0005, 0x0005, 0x0005, 0x0005, 0x0005,
    0x0005, 0x0005, 0x0005, 0x0005, 0x0005, 0x0005, 0x0005, 0x0005,
    0x0005, 0x0001, 0x0001, 0x0001, 0x0001, 0x0001, 0x0001, 0x0001,
    ],
    [
    0x0005, 0x0005, 0x0080, 0x0080, 0x0080, 0x0080, 0x0001, 0x0001,
    0x0001, 0x0001, 0x0001, 0x0001, 0x0001, 0x0001, 0x0001, 0x0001,
    0x0001, 0x0001, 0x0080, 0x0080, 0x0080, 0x0080, 0x0080, 0x0080,
    0x0080, 0x0080, 0x0080, 0x0080, 0x0080, 0x0080, 0x0080, 0x0080,
    0x0005, 0x0005, 0x0005, 0x0005, 0x0005, 0x0080, 0x0080, 0x0080,
    0x0080, 0x0080, 0x0080, 0x0080, 0x0001, 0x0080, 0x0001, 0x0080,
    0x0080, 0x0080, 0x0080, 0x0080, 0x0080, 0x0080, 0x0080, 0x0080,
    0x0080, 0x0080, 0x0080, 0x0080, 0x0080, 0x0080, 0x0080, 0x0080,
    ],
    [
    0x0820, 0x0820, 0x0820, 0x0820, 0x0820, 0x0820, 0x0820, 0x0820,
    0x0820, 0x0820, 0x0820, 0x0820, 0x0820, 0x0820, 0x0820, 0x0820,
    0x0820, 0x0820, 0x0820, 0x0820, 0x0820, 0x0820, 0x0820, 0x0820,
    0x0820, 0x0820, 0x0820, 0x0820, 0x0820, 0x0820, 0x0820, 0x0820,
    0x0820, 0x0820, 0x0820, 0x0820, 0x0820, 0x0820, 0x0820, 0x0820,
    0x0820, 0x0820, 0x0820, 0x0820, 0x0820, 0x0820, 0x0820, 0x0820,
    0x0820, 0x0820, 0x0820, 0x0820, 0x0820, 0x0820, 0x0820, 0x0820,
    0x0820, 0x0820, 0x0820, 0x0820, 0x0820, 0x0820, 0x0820, 0x0820,
    ],
    [
    0x0820, 0x0820, 0x0820, 0x0820, 0x0820, 0x0825, 0x0820, 0x0820,
    0x0820, 0x0820, 0x0820, 0x0820, 0x0820, 0x0820, 0x0820, 0x0820,
    0x0820, 0x0820, 0x0820, 0x0820, 0x0820, 0x0820, 0x0820, 0x0820,
    0x0820, 0x0820, 0x0820, 0x0820, 0x0820, 0x0820, 0x0820, 0x0820,
    0x0820, 0x0820, 0x0820, 0x0821, 0x0821, 0x0821, 0x0821, 0x0821,
    0x0821, 0x0821, 0x0821, 0x0821, 0x0821, 0x0821, 0x0821, 0x0821,
    0x0003, 0x0005, 0x0003, 0x0005, 0x0001, 0x0080, 0x0003, 0x0005,
    0x0000, 0x0000, 0x0005, 0x0005, 0x0005, 0x0005, 0x0040, 0x0003,
    ],
    [
    0x0000, 0x0000, 0x0000, 0x0000, 0x0080, 0x0080, 0x0003, 0x0040,
    0x0003, 0x0003, 0x0003, 0x0000, 0x0003, 0x0000, 0x0003, 0x0003,
    0x0005, 0x0003, 0x0003, 0x0003, 0x0003, 0x0003, 0x0003, 0x0003,
    0x0003, 0x0003, 0x0003, 0x0003, 0x0003, 0x0003, 0x0003, 0x0003,
    0x0003, 0x0003, 0x0000, 0x0003, 0x0003, 0x0003, 0x0003, 0x0003,
    0x0003, 0x0003, 0x0003, 0x0003, 0x0005, 0x0005, 0x0005, 0x0005,
    0x0005, 0x0005, 0x0005, 0x0005, 0x0005, 0x0005, 0x0005, 0x0005,
    0x0005, 0x0005, 0x0005, 0x0005, 0x0005, 0x0005, 0x0005, 0x0005,
    ],
    [
    0x0005, 0x0005, 0x0005, 0x0005, 0x0005, 0x0005, 0x0005, 0x0005,
    0x0005, 0x0005, 0x0005, 0x0005, 0x0005, 0x0005, 0x0005, 0x0003,
    0x0005, 0x0005, 0x0003, 0x0003, 0x0003, 0x0005, 0x0005, 0x0005,
    0x0003, 0x0005, 0x0003, 0x0005, 0x0003, 0x0005, 0x0003, 0x0005,
    0x0003, 0x0005, 0x0003, 0x0005, 0x0003, 0x0005, 0x0003, 0x0005,
    0x0003, 0x0005, 0x0003, 0x0005, 0x0003, 0x0005, 0x0003, 0x0005,
    0x0005, 0x0005, 0x0005, 0x0005, 0x0003, 0x0005, 0x0080, 0x0003,
    0x0005, 0x0003, 0x0003, 0x0005, 0x0005, 0x0003, 0x0003, 0x0003,
    ],
    [
    0x0003, 0x0003, 0x0003, 0x0003, 0x0003, 0x0003, 0x0003, 0x0003,
    0x0003, 0x0003, 0x0003, 0x0003, 0x0003, 0x0003, 0x0003, 0x0003,
    0x0003, 0x0003, 0x0003, 0x0003, 0x0003, 0x0003, 0x0003, 0x0003,
    0x0003, 0x0003, 0x0003, 0x0003, 0x0003, 0x0003, 0x0003, 0x0003,
    0x0003, 0x0003, 0x0003, 0x0003, 0x0003, 0x0003, 0x0003, 0x0003,
    0x0003, 0x0003, 0x0003, 0x0003, 0x0003, 0x0003, 0x0003, 0x0003,
    0x0005, 0x0005, 0x0005, 0x0005, 0x0005, 0x0005, 0x0005, 0x0005,
    0x0005, 0x0005, 0x0005, 0x0005, 0x0005, 0x0005, 0x0005, 0x0005,
    ],
    [
    0x0005, 0x0005, 0x0005, 0x0005, 0x0005, 0x0005, 0x0005, 0x0005,
    0x0005, 0x0005, 0x0005, 0x0005, 0x0005, 0x0005, 0x0005, 0x0005,
    0x0005, 0x0005, 0x0005, 0x0005, 0x0005, 0x0005, 0x0005, 0x0005,
    0x0005, 0x0005, 0x0005, 0x0005, 0x0005, 0x0005, 0x0005, 0x0005,
    0x0003, 0x0005, 0x0003, 0x0005, 0x0003, 0x0005, 0x0003, 0x0005,
    0x0003, 0x0005, 0x0003, 0x0005, 0x0003, 0x0005, 0x0003, 0x0005,
    0x0003, 0x0005, 0x0003, 0x0005, 0x0003, 0x0005, 0x0003, 0x0005,
    0x0003, 0x0005, 0x0003, 0x0005, 0x0003, 0x0005, 0x0003, 0x0005,
    ],
    [
    0x0003, 0x0005, 0x0080, 0x0820, 0x0820, 0x0820, 0x0820, 0x0820,
    0x0820, 0x0820, 0x0003, 0x0005, 0x0003, 0x0005, 0x0003, 0x0005,
    0x0003, 0x0005, 0x0003, 0x0005, 0x0003, 0x0005, 0x0003, 0x0005,
    0x0003, 0x0005, 0x0003, 0x0005, 0x0003, 0x0005, 0x0003, 0x0005,
    0x0003, 0x0005, 0x0003, 0x0005, 0x0003, 0x0005, 0x0003, 0x0005,
    0x0003, 0x0005, 0x0003, 0x0005, 0x0003, 0x0005, 0x0003, 0x0005,
    0x0003, 0x0005, 0x0003, 0x0005, 0x0003, 0x0005, 0x0003, 0x0005,
    0x0003, 0x0005, 0x0003, 0x0005, 0x0003, 0x0005, 0x0003, 0x0005,
    ],
    [
    0x0003, 0x0003, 0x0005, 0x0003, 0x0005, 0x0003, 0x0005, 0x0003,
    0x0005, 0x0003, 0x0005, 0x0003, 0x0005, 0x0003, 0x0005, 0x0005,
    0x0003, 0x0005, 0x0003, 0x0005, 0x0003, 0x0005, 0x0003, 0x0005,
    0x0003, 0x0005, 0x0003, 0x0005, 0x0003, 0x0005, 0x0003, 0x0005,
    0x0003, 0x0005, 0x0003, 0x0005, 0x0003, 0x0005, 0x0003, 0x0005,
    0x0003, 0x0005, 0x0003, 0x0005, 0x0003, 0x0005, 0x0003, 0x0005,
    0x0003, 0x0005, 0x0003, 0x0005, 0x0003, 0x0005, 0x0003, 0x0005,
    0x0003, 0x0005, 0x0003, 0x0005, 0x0003, 0x0005, 0x0003, 0x0005,
    ],
    [
    0x0003, 0x0005, 0x0003, 0x0005, 0x0003, 0x0005, 0x0003, 0x0005,
    0x0003, 0x0005, 0x0003, 0x0005, 0x0003, 0x0005, 0x0003, 0x0005,
    0x0003, 0x0005, 0x0003, 0x0005, 0x0003, 0x0005, 0x0003, 0x0005,
    0x0003, 0x0005, 0x0003, 0x0005, 0x0003, 0x0005, 0x0003, 0x0005,
    0x0003, 0x0005, 0x0003, 0x0005, 0x0003, 0x0005, 0x0003, 0x0005,
    0x0003, 0x0005, 0x0003, 0x0005, 0x0003, 0x0005, 0x0003, 0x0005,
    0x0000, 0x0003, 0x0003, 0x0003, 0x0003, 0x0003, 0x0003, 0x0003,
    0x0003, 0x0003, 0x0003, 0x0003, 0x0003, 0x0003, 0x0003, 0x0003,
    ],
    [
    0x0003, 0x0003, 0x0003, 0x0003, 0x0003, 0x0003, 0x0003, 0x0003,
    0x0003, 0x0003, 0x0003, 0x0003, 0x0003, 0x0003, 0x0003, 0x0003,
    0x0003, 0x0003, 0x0003, 0x0003, 0x0003, 0x0003, 0x0003, 0x0000,
    0x0000, 0x0001, 0x0040, 0x0040, 0x0040, 0x0040, 0x0040, 0x0040,
    0x0005, 0x0005, 0x0005, 0x0005, 0x0005, 0x0005, 0x0005, 0x0005,
    0x0005, 0x0005, 0x0005, 0x0005, 0x0005, 0x0005, 0x0005, 0x0005,
    0x0005, 0x0005, 0x0005, 0x0005, 0x0005, 0x0005, 0x0005, 0x0005,
    0x0005, 0x0005, 0x0005, 0x0005, 0x0005, 0x0005, 0x0005, 0x0005,
    ],
    [
    0x0005, 0x0005, 0x0005, 0x0005, 0x0005, 0x0005, 0x0005, 0x0005,
    0x0005, 0x0040, 0x0040, 0x0000, 0x0000, 0x0080, 0x0080, 0x0080,
    0x0000, 0x0820, 0x0820, 0x0820, 0x0820, 0x0820, 0x0820, 0x0820,
    0x0820, 0x0820, 0x0820, 0x0820, 0x0820, 0x0820, 0x0820, 0x0820,
    0x0820, 0x0820, 0x0820, 0x0820, 0x0820, 0x0820, 0x0820, 0x0820,
    0x0820, 0x0820, 0x0820, 0x0820, 0x0820, 0x0820, 0x0820, 0x0820,
    0x0821, 0x0821, 0x0821, 0x0821, 0x0821, 0x0821, 0x0821, 0x0821,
    0x0821, 0x0821, 0x0821, 0x0821, 0x0821, 0x0821, 0x0040, 0x0821,
    ],
    [
    0x0040, 0x0821, 0x0821, 0x0040, 0x0821, 0x0821, 0x0040, 0x0821,
    0x0000, 0x0000, 0x0000, 0x0000, 0x0000, 0x0000, 0x0000, 0x0000,
    0x0001, 0x0001, 0x0001, 0x0001, 0x0001, 0x0001, 0x0001, 0x0001,
    0x0001, 0x0001, 0x0001, 0x0001, 0x0001, 0x0001, 0x0001, 0x0001,
    0x0001, 0x0001, 0x0001, 0x0001, 0x0001, 0x0001, 0x0001, 0x0001,
    0x0001, 0x0001, 0x0001, 0x0000, 0x0000, 0x0000, 0x0000, 0x0001,
    0x0001, 0x0001, 0x0001, 0x0040, 0x0040, 0x0000, 0x0000, 0x0000,
    0x0000, 0x0000, 0x0000, 0x0000, 0x0000, 0x0000, 0x0000, 0x0000,
    ],
    [
    0x5200, 0x5200, 0x5200, 0x5200, 0x5200, 0x5200, 0x0080, 0x0080,
    0x0080, 0x0040, 0x0040, 0x0080, 0x0040, 0x0040, 0x0080, 0x0080,
    0x0821, 0x0821, 0x0821, 0x0821, 0x0821, 0x0821, 0x0821, 0x0821,
    0x0821, 0x0821, 0x0821, 0x0040, 0x3200, 0x0040, 0x0040, 0x0040,
    0x0001, 0x0001, 0x0001, 0x0001, 0x0001, 0x0001, 0x0001, 0x0001,
    0x0001, 0x0001, 0x0001, 0x0001, 0x0001, 0x0001, 0x0001, 0x0001,
    0x0001, 0x0001, 0x0001, 0x0001, 0x0001, 0x0001, 0x0001, 0x0001,
    0x0001, 0x0001, 0x0001, 0x0001, 0x0001, 0x0001, 0x0001, 0x0001,
    ],
    [
    0x0001, 0x0001, 0x0001, 0x0001, 0x0001, 0x0001, 0x0001, 0x0001,
    0x0001, 0x0001, 0x0001, 0x0821, 0x0821, 0x0821, 0x0821, 0x0821,
    0x0821, 0x0821, 0x0821, 0x0821, 0x0821, 0x0821, 0x0821, 0x0821,
    0x0820, 0x0821, 0x0821, 0x0821, 0x0821, 0x0821, 0x0821, 0x0821,
    0x0010, 0x0010, 0x0010, 0x0010, 0x0010, 0x0010, 0x0010, 0x0010,
    0x0010, 0x0010, 0x0040, 0x0040, 0x0040, 0x0040, 0x0001, 0x0001,
    0x0821, 0x0001, 0x0001, 0x0001, 0x0001, 0x0001, 0x0001, 0x0001,
    0x0001, 0x0001, 0x0001, 0x0001, 0x0001, 0x0001, 0x0001, 0x0001,
    ],
    [
    0x0001, 0x0001, 0x0001, 0x0001, 0x0001, 0x0001, 0x0001, 0x0001,
    0x0001, 0x0001, 0x0001, 0x0001, 0x0001, 0x0001, 0x0001, 0x0001,
    0x0001, 0x0001, 0x0001, 0x0001, 0x0001, 0x0001, 0x0001, 0x0001,
    0x0001, 0x0001, 0x0001, 0x0001, 0x0001, 0x0001, 0x0001, 0x0001,
    0x0001, 0x0001, 0x0001, 0x0001, 0x0001, 0x0001, 0x0001, 0x0001,
    0x0001, 0x0001, 0x0001, 0x0001, 0x0001, 0x0001, 0x0001, 0x0001,
    0x0001, 0x0001, 0x0001, 0x0001, 0x0001, 0x0001, 0x0001, 0x0001,
    0x0001, 0x0001, 0x0001, 0x0001, 0x0001, 0x0001, 0x0001, 0x0001,
    ],
    [
    0x0001, 0x0001, 0x0001, 0x0001, 0x0001, 0x0001, 0x0001, 0x0001,
    0x0001, 0x0001, 0x0001, 0x0001, 0x0001, 0x0001, 0x0001, 0x0001,
    0x0001, 0x0001, 0x0001, 0x0001, 0x0040, 0x0001, 0x0821, 0x0821,
    0x0821, 0x0821, 0x0821, 0x0821, 0x0821, 0x5200, 0x0080, 0x0820,
    0x0820, 0x0821, 0x0821, 0x0821, 0x0821, 0x0001, 0x0001, 0x0821,
    0x0821, 0x0080, 0x0820, 0x0820, 0x0820, 0x0821, 0x0001, 0x0001,
    0x0010, 0x0010, 0x0010, 0x0010, 0x0010, 0x0010, 0x0010, 0x0010,
    0x0010, 0x0010, 0x0001, 0x0001, 0x0001, 0x0080, 0x0080, 0x0001,
    ],
    [
    0x0040, 0x0040, 0x0040, 0x0040, 0x0040, 0x0040, 0x0040, 0x0040,
    0x0040, 0x0040, 0x0040, 0x0040, 0x0040, 0x0040, 0x0000, 0x5200,
    0x0001, 0x0821, 0x0001, 0x0001, 0x0001, 0x0001, 0x0001, 0x0001,
    0x0001, 0x0001, 0x0001, 0x0001, 0x0001, 0x0001, 0x0001, 0x0001,
    0x0001, 0x0001, 0x0001, 0x0001, 0x0001, 0x0001, 0x0001, 0x0001,
    0x0001, 0x0001, 0x0001, 0x0001, 0x0001, 0x0001, 0x0001, 0x0001,
    0x0821, 0x0821, 0x0821, 0x0821, 0x0821, 0x0821, 0x0821, 0x0821,
    0x0821, 0x0821, 0x0821, 0x0821, 0x0821, 0x0821, 0x0821, 0x0821,
    ],
    [
    0x0820, 0x0820, 0x0820, 0x0820, 0x0820, 0x0820, 0x0820, 0x0820,
    0x0820, 0x0820, 0x0820, 0x0000, 0x0000, 0x0001, 0x0001, 0x0001,
    0x0001, 0x0001, 0x0001, 0x0001, 0x0001, 0x0001, 0x0001, 0x0001,
    0x0001, 0x0001, 0x0001, 0x0001, 0x0001, 0x0001, 0x0001, 0x0001,
    0x0001, 0x0001, 0x0001, 0x0001, 0x0001, 0x0001, 0x0001, 0x0001,
    0x0001, 0x0001, 0x0001, 0x0001, 0x0001, 0x0001, 0x0001, 0x0001,
    0x0001, 0x0001, 0x0001, 0x0001, 0x0001, 0x0001, 0x0001, 0x0001,
    0x0001, 0x0001, 0x0001, 0x0001, 0x0001, 0x0001, 0x0001, 0x0001,
    ],
    [
    0x0001, 0x0001, 0x0001, 0x0001, 0x0001, 0x0001, 0x0001, 0x0001,
    0x0001, 0x0001, 0x0001, 0x0001, 0x0001, 0x0001, 0x0001, 0x0001,
    0x0001, 0x0001, 0x0001, 0x0001, 0x0001, 0x0001, 0x0001, 0x0001,
    0x0001, 0x0001, 0x0001, 0x0001, 0x0001, 0x0001, 0x0001, 0x0001,
    0x0001, 0x0001, 0x0001, 0x0001, 0x0001, 0x0001, 0x0821, 0x0821,
    0x0821, 0x0821, 0x0821, 0x0821, 0x0821, 0x0821, 0x0821, 0x0821,
    0x0821, 0x0001, 0x0000, 0x0000, 0x0000, 0x0000, 0x0000, 0x0000,
    0x0000, 0x0000, 0x0000, 0x0000, 0x0000, 0x0000, 0x0000, 0x0000,
    ],
    [
    0x0010, 0x0010, 0x0010, 0x0010, 0x0010, 0x0010, 0x0010, 0x0010,
    0x0010, 0x0010, 0x0001, 0x0001, 0x0001, 0x0001, 0x0001, 0x0001,
    0x0001, 0x0001, 0x0001, 0x0001, 0x0001, 0x0001, 0x0001, 0x0001,
    0x0001, 0x0001, 0x0001, 0x0001, 0x0001, 0x0001, 0x0001, 0x0001,
    0x0001, 0x0001, 0x0001, 0x0001, 0x0001, 0x0001, 0x0001, 0x0001,
    0x0001, 0x0001, 0x0001, 0x0820, 0x0820, 0x0820, 0x0820, 0x0820,
    0x0820, 0x0820, 0x0820, 0x0820, 0x0001, 0x0001, 0x0080, 0x0040,
    0x0040, 0x0040, 0x0001, 0x0000, 0x0000, 0x0820, 0x0080, 0x0080,
    ],
    [
    0x0001, 0x0001, 0x0001, 0x0001, 0x0001, 0x0001, 0x0001, 0x0001,
    0x0001, 0x0001, 0x0001, 0x0001, 0x0001, 0x0001, 0x0001, 0x0001,
    0x0001, 0x0001, 0x0001, 0x0001, 0x0001, 0x0001, 0x0821, 0x0821,
    0x0820, 0x0820, 0x0001, 0x0821, 0x0821, 0x0821, 0x0821, 0x0821,
    0x0821, 0x0821, 0x0821, 0x0821, 0x0001, 0x0821, 0x0821, 0x0821,
    0x0001, 0x0821, 0x0821, 0x0821, 0x0821, 0x0820, 0x0000, 0x0000,
    0x0040, 0x0040, 0x0040, 0x0040, 0x0040, 0x0040, 0x0040, 0x0040,
    0x0040, 0x0040, 0x0040, 0x0040, 0x0040, 0x0040, 0x0040, 0x0000,
    ],
    [
    0x0001, 0x0001, 0x0001, 0x0001, 0x0001, 0x0001, 0x0001, 0x0001,
    0x0001, 0x0001, 0x0001, 0x0001, 0x0001, 0x0001, 0x0001, 0x0001,
    0x0001, 0x0001, 0x0001, 0x0001, 0x0001, 0x0001, 0x0001, 0x0001,
    0x0001, 0x0820, 0x0820, 0x0820, 0x0000, 0x0000, 0x0040, 0x0000,
    0x0001, 0x0001, 0x0001, 0x0001, 0x0001, 0x0001, 0x0001, 0x0001,
    0x0001, 0x0001, 0x0001, 0x0000, 0x0000, 0x0000, 0x0000, 0x0000,
    0x0001, 0x0001, 0x0001, 0x0001, 0x0001, 0x0001, 0x0001, 0x0001,
    0x0001, 0x0001, 0x0001, 0x0001, 0x0001, 0x0001, 0x0001, 0x0001,
    ],
    [
    0x0001, 0x0001, 0x0001, 0x0001, 0x0001, 0x0001, 0x0001, 0x0001,
    0x0080, 0x0001, 0x0001, 0x0001, 0x0001, 0x0001, 0x0001, 0x0001,
    0x5200, 0x5200, 0x0000, 0x0000, 0x0000, 0x0000, 0x0000, 0x0821,
    0x0820, 0x0820, 0x0820, 0x0820, 0x0820, 0x0820, 0x0820, 0x0820,
    0x0001, 0x0001, 0x0001, 0x0001, 0x0001, 0x0001, 0x0001, 0x0001,
    0x0001, 0x0001, 0x0001, 0x0001, 0x0001, 0x0001, 0x0001, 0x0001,
    0x0001, 0x0001, 0x0001, 0x0001, 0x0001, 0x0001, 0x0001, 0x0001,
    0x0001, 0x0001, 0x0001, 0x0001, 0x0001, 0x0001, 0x0001, 0x0001,
    ],
    [
    0x0001, 0x0001, 0x0001, 0x0001, 0x0001, 0x0001, 0x0001, 0x0001,
    0x0001, 0x0001, 0x0820, 0x0820, 0x0820, 0x0820, 0x0820, 0x0820,
    0x0820, 0x0820, 0x0820, 0x0820, 0x0821, 0x0821, 0x0821, 0x0821,
    0x0821, 0x0821, 0x0821, 0x0821, 0x0821, 0x0821, 0x0821, 0x0821,
    0x0820, 0x0820, 0x5200, 0x0821, 0x0821, 0x0821, 0x0821, 0x0821,
    0x0821, 0x0821, 0x0820, 0x0820, 0x0820, 0x0820, 0x0820, 0x0820,
    0x0821, 0x0821, 0x0821, 0x0821, 0x0821, 0x0821, 0x0821, 0x0821,
    0x0821, 0x0821, 0x0821, 0x0821, 0x0821, 0x0821, 0x0821, 0x0821,
    ],
    [
    0x0821, 0x0821, 0x0821, 0x0821, 0x0001, 0x0001, 0x0001, 0x0001,
    0x0001, 0x0001, 0x0001, 0x0001, 0x0001, 0x0001, 0x0001, 0x0001,
    0x0001, 0x0001, 0x0001, 0x0001, 0x0001, 0x0001, 0x0001, 0x0001,
    0x0001, 0x0001, 0x0001, 0x0001, 0x0001, 0x0001, 0x0001, 0x0001,
    0x0001, 0x0001, 0x0001, 0x0001, 0x0001, 0x0001, 0x0001, 0x0001,
    0x0001, 0x0001, 0x0001, 0x0001, 0x0001, 0x0001, 0x0001, 0x0001,
    0x0001, 0x0001, 0x0001, 0x0001, 0x0001, 0x0001, 0x0001, 0x0001,
    0x0001, 0x0001, 0x0821, 0x0821, 0x0820, 0x0001, 0x0821, 0x0821,
    ],
    [
    0x0821, 0x0821, 0x0821, 0x0821, 0x0821, 0x0821, 0x0821, 0x0821,
    0x0821, 0x0821, 0x0821, 0x0821, 0x0821, 0x8820, 0x0821, 0x0821,
    0x0001, 0x0820, 0x0820, 0x0820, 0x0820, 0x0821, 0x0821, 0x0821,
    0x0001, 0x0001, 0x0001, 0x0001, 0x0001, 0x0001, 0x0001, 0x0001,
    0x0001, 0x0001, 0x0821, 0x0821, 0x0040, 0x0040, 0x0010, 0x0010,
    0x0010, 0x0010, 0x0010, 0x0010, 0x0010, 0x0010, 0x0010, 0x0010,
    0x0040, 0x0001, 0x0001, 0x0001, 0x0001, 0x0001, 0x0001, 0x0001,
    0x0001, 0x0001, 0x0001, 0x0001, 0x0001, 0x0001, 0x0001, 0x0001,
    ],
    [
    0x0001, 0x0821, 0x0821, 0x0821, 0x0000, 0x0001, 0x0001, 0x0001,
    0x0001, 0x0001, 0x0001, 0x0001, 0x0001, 0x0000, 0x0000, 0x0001,
    0x0001, 0x0000, 0x0000, 0x0001, 0x0001, 0x0001, 0x0001, 0x0001,
    0x0001, 0x0001, 0x0001, 0x0001, 0x0001, 0x0001, 0x0001, 0x0001,
    0x0001, 0x0001, 0x0001, 0x0001, 0x0001, 0x0001, 0x0001, 0x0001,
    0x0001, 0x0000, 0x0001, 0x0001, 0x0001, 0x0001, 0x0001, 0x0001,
    0x0001, 0x0000, 0x0001, 0x0000, 0x0000, 0x0000, 0x0001, 0x0001,
    0x0001, 0x0001, 0x0000, 0x0000, 0x0820, 0x0001, 0x0821, 0x0821,
    ],
    [
    0x0821, 0x0821, 0x0821, 0x0821, 0x0821, 0x0000, 0x0000, 0x0821,
    0x0821, 0x0000, 0x0000, 0x0821, 0x0821, 0x8820, 0x0001, 0x0000,
    0x0000, 0x0000, 0x0000, 0x0000, 0x0000, 0x0000, 0x0000, 0x0821,
    0x0000, 0x0000, 0x0000, 0x0000, 0x0001, 0x0001, 0x0000, 0x0001,
    0x0001, 0x0001, 0x0821, 0x0821, 0x0000, 0x0000, 0x0010, 0x0010,
    0x0010, 0x0010, 0x0010, 0x0010, 0x0010, 0x0010, 0x0010, 0x0010,
    0x0001, 0x0001, 0x0080, 0x0080, 0x0000, 0x0000, 0x0000, 0x0000,
    0x0000, 0x0000, 0x0080, 0x0080, 0x0001, 0x0040, 0x0820, 0x0000,
    ],
    [
    0x0000, 0x0821, 0x0821, 0x0821, 0x0000, 0x0001, 0x0001, 0x0001,
    0x0001, 0x0001, 0x0001, 0x0000, 0x0000, 0x0000, 0x0000, 0x0001,
    0x0001, 0x0000, 0x0000, 0x0001, 0x0001, 0x0001, 0x0001, 0x0001,
    0x0001, 0x0001, 0x0001, 0x0001, 0x0001, 0x0001, 0x0001, 0x0001,
    0x0001, 0x0001, 0x0001, 0x0001, 0x0001, 0x0001, 0x0001, 0x0001,
    0x0001, 0x0000, 0x0001, 0x0001, 0x0001, 0x0001, 0x0001, 0x0001,
    0x0001, 0x0000, 0x0001, 0x0001, 0x0000, 0x0001, 0x0001, 0x0000,
    0x0001, 0x0001, 0x0000, 0x0000, 0x0820, 0x0000, 0x0821, 0x0821,
    ],
    [
    0x0821, 0x0821, 0x0821, 0x0000, 0x0000, 0x0000, 0x0000, 0x0821,
    0x0821, 0x0000, 0x0000, 0x0821, 0x0821, 0x0820, 0x0000, 0x0000,
    0x0000, 0x0821, 0x0000, 0x0000, 0x0000, 0x0000, 0x0000, 0x0000,
    0x0000, 0x0001, 0x0001, 0x0001, 0x0001, 0x0000, 0x0001, 0x0000,
    0x0000, 0x0000, 0x0000, 0x0000, 0x0000, 0x0000, 0x0010, 0x0010,
    0x0010, 0x0010, 0x0010, 0x0010, 0x0010, 0x0010, 0x0010, 0x0010,
    0x0821, 0x0821, 0x0001, 0x0001, 0x0001, 0x0821, 0x0040, 0x0000,
    0x0000, 0x0000, 0x0000, 0x0000, 0x0000, 0x0000, 0x0000, 0x0000,
    ],
    [
    0x0000, 0x0821, 0x0821, 0x0821, 0x0000, 0x0001, 0x0001, 0x0001,
    0x0001, 0x0001, 0x0001, 0x0001, 0x0001, 0x0001, 0x0000, 0x0001,
    0x0001, 0x0001, 0x0000, 0x0001, 0x0001, 0x0001, 0x0001, 0x0001,
    0x0001, 0x0001, 0x0001, 0x0001, 0x0001, 0x0001, 0x0001, 0x0001,
    0x0001, 0x0001, 0x0001, 0x0001, 0x0001, 0x0001, 0x0001, 0x0001,
    0x0001, 0x0000, 0x0001, 0x0001, 0x0001, 0x0001, 0x0001, 0x0001,
    0x0001, 0x0000, 0x0001, 0x0001, 0x0000, 0x0001, 0x0001, 0x0001,
    0x0001, 0x0001, 0x0000, 0x0000, 0x0820, 0x0001, 0x0821, 0x0821,
    ],
    [
    0x0821, 0x0821, 0x0821, 0x0821, 0x0821, 0x0821, 0x0000, 0x0821,
    0x0821, 0x0821, 0x0000, 0x0821, 0x0821, 0x8820, 0x0000, 0x0000,
    0x0001, 0x0000, 0x0000, 0x0000, 0x0000, 0x0000, 0x0000, 0x0000,
    0x0000, 0x0000, 0x0000, 0x0000, 0x0000, 0x0000, 0x0000, 0x0000,
    0x0001, 0x0001, 0x0821, 0x0821, 0x0000, 0x0000, 0x0010, 0x0010,
    0x0010, 0x0010, 0x0010, 0x0010, 0x0010, 0x0010, 0x0010, 0x0010,
    0x0040, 0x0080, 0x0000, 0x0000, 0x0000, 0x0000, 0x0000, 0x0000,
    0x0000, 0x0001, 0x0821, 0x0821, 0x0821, 0x0820, 0x0820, 0x0820,
    ],
    [
    0x0000, 0x0821, 0x0821, 0x0821, 0x0000, 0x0001, 0x0001, 0x0001,
    0x0001, 0x0001, 0x0001, 0x0001, 0x0001, 0x0000, 0x0000, 0x0001,
    0x0001, 0x0000, 0x0000, 0x0001, 0x0001, 0x0001, 0x0001, 0x0001,
    0x0001, 0x0001, 0x0001, 0x0001, 0x0001, 0x0001, 0x0001, 0x0001,
    0x0001, 0x0001, 0x0001, 0x0001, 0x0001, 0x0001, 0x0001, 0x0001,
    0x0001, 0x0000, 0x0001, 0x0001, 0x0001, 0x0001, 0x0001, 0x0001,
    0x0001, 0x0000, 0x0001, 0x0001, 0x0000, 0x0001, 0x0001, 0x0001,
    0x0001, 0x0001, 0x0000, 0x0000, 0x0820, 0x0001, 0x0821, 0x0821,
    ],
    [
    0x0821, 0x0821, 0x0821, 0x0821, 0x0821, 0x0000, 0x0000, 0x0821,
    0x0821, 0x0000, 0x0000, 0x0821, 0x0821, 0x8820, 0x0000, 0x0000,
    0x0000, 0x0000, 0x0000, 0x0000, 0x0000, 0x0820, 0x0821, 0x0821,
    0x0000, 0x0000, 0x0000, 0x0000, 0x0001, 0x0001, 0x0000, 0x0001,
    0x0001, 0x0001, 0x0821, 0x0821, 0x0000, 0x0000, 0x0010, 0x0010,
    0x0010, 0x0010, 0x0010, 0x0010, 0x0010, 0x0010, 0x0010, 0x0010,
    0x0080, 0x0001, 0x0000, 0x0000, 0x0000, 0x0000, 0x0000, 0x0000,
    0x0000, 0x0000, 0x0000, 0x0000, 0x0000, 0x0000, 0x0000, 0x0000,
    ],
    [
    0x0000, 0x0000, 0x0821, 0x0001, 0x0000, 0x0001, 0x0001, 0x0001,
    0x0001, 0x0001, 0x0001, 0x0000, 0x0000, 0x0000, 0x0001, 0x0001,
    0x0001, 0x0000, 0x0001, 0x0001, 0x0001, 0x0001, 0x0000, 0x0000,
    0x0000, 0x0001, 0x0001, 0x0000, 0x0001, 0x0000, 0x0001, 0x0001,
    0x0000, 0x0000, 0x0000, 0x0001, 0x0001, 0x0000, 0x0000, 0x0000,
    0x0001, 0x0001, 0x0001, 0x0000, 0x0000, 0x0000, 0x0001, 0x0001,
    0x0001, 0x0001, 0x0001, 0x0001, 0x0001, 0x0001, 0x0001, 0x0001,
    0x0001, 0x0001, 0x0000, 0x0000, 0x0000, 0x0000, 0x0821, 0x0821,
    ],
    [
    0x0821, 0x0821, 0x0821, 0x0000, 0x0000, 0x0000, 0x0821, 0x0821,
    0x0821, 0x0000, 0x0821, 0x0821, 0x0821, 0x0820, 0x0000, 0x0000,
    0x0001, 0x0000, 0x0000, 0x0000, 0x0000, 0x0000, 0x0000, 0x0821,
    0x0000, 0x0000, 0x0000, 0x0000, 0x0000, 0x0000, 0x0000, 0x0000,
    0x0000, 0x0000, 0x0000, 0x0000, 0x0000, 0x0000, 0x0010, 0x0010,
    0x0010, 0x0010, 0x0010, 0x0010, 0x0010, 0x0010, 0x0010, 0x0010,
    0x0000, 0x0000, 0x0000, 0x0080, 0x0080, 0x0080, 0x0080, 0x0080,
    0x0080, 0x0080, 0x0080, 0x0000, 0x0000, 0x0000, 0x0000, 0x0000,
    ],
    [
    0x0821, 0x0821, 0x0821, 0x0821, 0x0821, 0x0001, 0x0001, 0x0001,
    0x0001, 0x0001, 0x0001, 0x0001, 0x0001, 0x0000, 0x0001, 0x0001,
    0x0001, 0x0000, 0x0001, 0x0001, 0x0001, 0x0001, 0x0001, 0x0001,
    0x0001, 0x0001, 0x0001, 0x0001, 0x0001, 0x0001, 0x0001, 0x0001,
    0x0001, 0x0001, 0x0001, 0x0001, 0x0001, 0x0001, 0x0001, 0x0001,
    0x0001, 0x0000, 0x0001, 0x0001, 0x0001, 0x0001, 0x0001, 0x0001,
    0x0001, 0x0001, 0x0001, 0x0001, 0x0001, 0x0001, 0x0001, 0x0001,
    0x0001, 0x0001, 0x0000, 0x0000, 0x0820, 0x0001, 0x0821, 0x0821,
    ],
    [
    0x0821, 0x0821, 0x0821, 0x0821, 0x0821, 0x0000, 0x0821, 0x0821,
    0x0821, 0x0000, 0x0821, 0x0821, 0x0821, 0x8820, 0x0000, 0x0000,
    0x0000, 0x0000, 0x0000, 0x0000, 0x0000, 0x0821, 0x0821, 0x0000,
    0x0001, 0x0001, 0x0001, 0x0000, 0x0001, 0x0001, 0x0000, 0x0000,
    0x0001, 0x0001, 0x0821, 0x0821, 0x0000, 0x0000, 0x0010, 0x0010,
    0x0010, 0x0010, 0x0010, 0x0010, 0x0010, 0x0010, 0x0010, 0x0010,
    0x0000, 0x0000, 0x0000, 0x0000, 0x0000, 0x0000, 0x0000, 0x0040,
    0x0000, 0x0000, 0x0000, 0x0000, 0x0000, 0x0000, 0x0000, 0x0080,
    ],
    [
    0x0001, 0x0821, 0x0821, 0x0821, 0x0040, 0x0001, 0x0001, 0x0001,
    0x0001, 0x0001, 0x0001, 0x0001, 0x0001, 0x0000, 0x0001, 0x0001,
    0x0001, 0x0000, 0x0001, 0x0001, 0x0001, 0x0001, 0x0001, 0x0001,
    0x0001, 0x0001, 0x0001, 0x0001, 0x0001, 0x0001, 0x0001, 0x0001,
    0x0001, 0x0001, 0x0001, 0x0001, 0x0001, 0x0001, 0x0001, 0x0001,
    0x0001, 0x0000, 0x0001, 0x0001, 0x0001, 0x0001, 0x0001, 0x0001,
    0x0001, 0x0001, 0x0001, 0x0001, 0x0000, 0x0001, 0x0001, 0x0001,
    0x0001, 0x0001, 0x0000, 0x0000, 0x0820, 0x0001, 0x0821, 0x0821,
    ],
    [
    0x0821, 0x0821, 0x0821, 0x0821, 0x0821, 0x0000, 0x0821, 0x0821,
    0x0821, 0x0000, 0x0821, 0x0821, 0x0821, 0x0820, 0x0000, 0x0000,
    0x0000, 0x0000, 0x0000, 0x0000, 0x0000, 0x0821, 0x0821, 0x0000,
    0x0000, 0x0000, 0x0000, 0x0000, 0x0001, 0x0001, 0x0001, 0x0000,
    0x0001, 0x0001, 0x0821, 0x0821, 0x0000, 0x0000, 0x0010, 0x0010,
    0x0010, 0x0010, 0x0010, 0x0010, 0x0010, 0x0010, 0x0010, 0x0010,
    0x0000, 0x0001, 0x0001, 0x0821, 0x0000, 0x0000, 0x0000, 0x0000,
    0x0000, 0x0000, 0x0000, 0x0000, 0x0000, 0x0000, 0x0000, 0x0000,
    ],
    [
    0x0821, 0x0821, 0x0821, 0x0821, 0x0001, 0x0001, 0x0001, 0x0001,
    0x0001, 0x0001, 0x0001, 0x0001, 0x0001, 0x0000, 0x0001, 0x0001,
    0x0001, 0x0000, 0x0001, 0x0001, 0x0001, 0x0001, 0x0001, 0x0001,
    0x0001, 0x0001, 0x0001, 0x0001, 0x0001, 0x0001, 0x0001, 0x0001,
    0x0001, 0x0001, 0x0001, 0x0001, 0x0001, 0x0001, 0x0001, 0x0001,
    0x0001, 0x0001, 0x0001, 0x0001, 0x0001, 0x0001, 0x0001, 0x0001,
    0x0001, 0x0001, 0x0001, 0x0001, 0x0001, 0x0001, 0x0001, 0x0001,
    0x0001, 0x0001, 0x0001, 0x0820, 0x0820, 0x0001, 0x0821, 0x0821,
    ],
    [
    0x0821, 0x0821, 0x0821, 0x0821, 0x0821, 0x0000, 0x0821, 0x0821,
    0x0821, 0x0000, 0x0821, 0x0821, 0x0821, 0x8820, 0x5001, 0x0080,
    0x0000, 0x0000, 0x0000, 0x0000, 0x0001, 0x0001, 0x0001, 0x0821,
    0x0000, 0x0000, 0x0000, 0x0000, 0x0000, 0x0000, 0x0000, 0x0001,
    0x0001, 0x0001, 0x0821, 0x0821, 0x0000, 0x0000, 0x0010, 0x0010,
    0x0010, 0x0010, 0x0010, 0x0010, 0x0010, 0x0010, 0x0010, 0x0010,
    0x0000, 0x0000, 0x0000, 0x0000, 0x0000, 0x0000, 0x0000, 0x0000,
    0x0000, 0x0080, 0x0001, 0x0001, 0x0001, 0x0001, 0x0001, 0x0001,
    ],
    [
    0x0000, 0x0821, 0x0821, 0x0821, 0x0000, 0x0001, 0x0001, 0x0001,
    0x0001, 0x0001, 0x0001, 0x0001, 0x0001, 0x0001, 0x0001, 0x0001,
    0x0001, 0x0001, 0x0001, 0x0001, 0x0001, 0x0001, 0x0001, 0x0000,
    0x0000, 0x0000, 0x0001, 0x0001, 0x0001, 0x0001, 0x0001, 0x0001,
    0x0001, 0x0001, 0x0001, 0x0001, 0x0001, 0x0001, 0x0001, 0x0001,
    0x0001, 0x0001, 0x0001, 0x0001, 0x0001, 0x0001, 0x0001, 0x0001,
    0x0001, 0x0001, 0x0000, 0x0001, 0x0001, 0x0001, 0x0001, 0x0001,
    0x0001, 0x0001, 0x0001, 0x0001, 0x0000, 0x0001, 0x0000, 0x0000,
    ],
    [
    0x0001, 0x0001, 0x0001, 0x0001, 0x0001, 0x0001, 0x0001, 0x0000,
    0x0000, 0x0000, 0x0820, 0x0000, 0x0000, 0x0000, 0x0000, 0x0821,
    0x0821, 0x0821, 0x0821, 0x0821, 0x0821, 0x0000, 0x0821, 0x0000,
    0x0821, 0x0821, 0x0821, 0x0821, 0x0821, 0x0821, 0x0821, 0x0821,
    0x0000, 0x0000, 0x0000, 0x0000, 0x0000, 0x0000, 0x0010, 0x0010,
    0x0010, 0x0010, 0x0010, 0x0010, 0x0010, 0x0010, 0x0010, 0x0010,
    0x0000, 0x0000, 0x0821, 0x0821, 0x0040, 0x0000, 0x0000, 0x0000,
    0x0000, 0x0000, 0x0000, 0x0000, 0x0000, 0x0000, 0x0000, 0x0000,
    ],
    [
    0x0000, 0x0001, 0x0001, 0x0001, 0x0001, 0x0001, 0x0001, 0x0001,
    0x0001, 0x0001, 0x0001, 0x0001, 0x0001, 0x0001, 0x0001, 0x0001,
    0x0001, 0x0001, 0x0001, 0x0001, 0x0001, 0x0001, 0x0001, 0x0001,
    0x0001, 0x0001, 0x0001, 0x0001, 0x0001, 0x0001, 0x0001, 0x0001,
    0x0001, 0x0001, 0x0001, 0x0001, 0x0001, 0x0001, 0x0001, 0x0001,
    0x0001, 0x0001, 0x0001, 0x0001, 0x0001, 0x0001, 0x0001, 0x0001,
    0x0001, 0x0821, 0x0001, 0x0801, 0x0821, 0x0821, 0x0821, 0x0821,
    0x0821, 0x0821, 0x0821, 0x0000, 0x0000, 0x0000, 0x0000, 0x0080,
    ],
    [
    0x0001, 0x0001, 0x0001, 0x0001, 0x0001, 0x0001, 0x0001, 0x0820,
    0x0820, 0x0820, 0x0820, 0x0820, 0x0820, 0x0821, 0x0820, 0x0040,
    0x0010, 0x0010, 0x0010, 0x0010, 0x0010, 0x0010, 0x0010, 0x0010,
    0x0010, 0x0010, 0x0040, 0x0040, 0x0000, 0x0000, 0x0000, 0x0000,
    0x0000, 0x0000, 0x0000, 0x0000, 0x0000, 0x0000, 0x0000, 0x0000,
    0x0000, 0x0000, 0x0000, 0x0000, 0x0000, 0x0000, 0x0000, 0x0000,
    0x0000, 0x0000, 0x0000, 0x0000, 0x0000, 0x0000, 0x0000, 0x0000,
    0x0000, 0x0000, 0x0000, 0x0000, 0x0000, 0x0000, 0x0000, 0x0000,
    ],
    [
    0x0000, 0x0001, 0x0001, 0x0000, 0x0001, 0x0000, 0x0001, 0x0001,
    0x0001, 0x0001, 0x0001, 0x0000, 0x0001, 0x0001, 0x0001, 0x0001,
    0x0001, 0x0001, 0x0001, 0x0001, 0x0001, 0x0001, 0x0001, 0x0001,
    0x0001, 0x0001, 0x0001, 0x0001, 0x0001, 0x0001, 0x0001, 0x0001,
    0x0001, 0x0001, 0x0001, 0x0001, 0x0000, 0x0001, 0x0000, 0x0001,
    0x0001, 0x0001, 0x0001, 0x0001, 0x0001, 0x0001, 0x0001, 0x0001,
    0x0001, 0x0821, 0x0001, 0x0801, 0x0821, 0x0821, 0x0821, 0x0821,
    0x0821, 0x0821, 0x0820, 0x0821, 0x0821, 0x0001, 0x0000, 0x0000,
    ],
    [
    0x0001, 0x0001, 0x0001, 0x0001, 0x0001, 0x0000, 0x0001, 0x0000,
    0x0820, 0x0820, 0x0820, 0x0820, 0x0820, 0x0821, 0x0820, 0x0000,
    0x0010, 0x0010, 0x0010, 0x0010, 0x0010, 0x0010, 0x0010, 0x0010,
    0x0010, 0x0010, 0x0000, 0x0000, 0x0001, 0x0001, 0x0001, 0x0001,
    0x0000, 0x0000, 0x0000, 0x0000, 0x0000, 0x0000, 0x0000, 0x0000,
    0x0000, 0x0000, 0x0000, 0x0000, 0x0000, 0x0000, 0x0000, 0x0000,
    0x0000, 0x0000, 0x0000, 0x0000, 0x0000, 0x0000, 0x0000, 0x0000,
    0x0000, 0x0000, 0x0000, 0x0000, 0x0000, 0x0000, 0x0000, 0x0000,
    ],
    [
    0x0001, 0x0080, 0x0080, 0x0080, 0x0040, 0x0040, 0x0040, 0x0040,
    0x0040, 0x0040, 0x0040, 0x0040, 0x0040, 0x0040, 0x0040, 0x0040,
    0x0040, 0x0040, 0x0040, 0x0080, 0x0040, 0x0080, 0x0080, 0x0080,
    0x0820, 0x0820, 0x0080, 0x0080, 0x0080, 0x0080, 0x0080, 0x0080,
    0x0010, 0x0010, 0x0010, 0x0010, 0x0010, 0x0010, 0x0010, 0x0010,
    0x0010, 0x0010, 0x0000, 0x0000, 0x0000, 0x0000, 0x0000, 0x0000,
    0x0000, 0x0000, 0x0000, 0x0000, 0x0080, 0x0820, 0x0080, 0x0820,
    0x0080, 0x0820, 0x0040, 0x0040, 0x0040, 0x0040, 0x0820, 0x0820,
    ],
    [
    0x0001, 0x0001, 0x0001, 0x0001, 0x0001, 0x0001, 0x0001, 0x0001,
    0x0000, 0x0001, 0x0001, 0x0001, 0x0001, 0x0001, 0x0001, 0x0001,
    0x0001, 0x0001, 0x0001, 0x0001, 0x0001, 0x0001, 0x0001, 0x0001,
    0x0001, 0x0001, 0x0001, 0x0001, 0x0001, 0x0001, 0x0001, 0x0001,
    0x0001, 0x0001, 0x0001, 0x0001, 0x0001, 0x0001, 0x0001, 0x0001,
    0x0001, 0x0001, 0x0001, 0x0001, 0x0001, 0x0000, 0x0000, 0x0000,
    0x0000, 0x0821, 0x0821, 0x0821, 0x0821, 0x0821, 0x0821, 0x0821,
    0x0821, 0x0821, 0x0821, 0x0821, 0x0821, 0x0821, 0x0821, 0x0821,
    ],
    [
    0x0821, 0x0821, 0x0821, 0x0821, 0x0820, 0x0040, 0x0820, 0x0820,
    0x0001, 0x0001, 0x0001, 0x0001, 0x0001, 0x0821, 0x0821, 0x0821,
    0x0821, 0x0821, 0x0821, 0x0821, 0x0821, 0x0821, 0x0821, 0x0821,
    0x0000, 0x0821, 0x0821, 0x0821, 0x0821, 0x0821, 0x0821, 0x0821,
    0x0821, 0x0821, 0x0821, 0x0821, 0x0821, 0x0821, 0x0821, 0x0821,
    0x0821, 0x0821, 0x0821, 0x0821, 0x0821, 0x0821, 0x0821, 0x0821,
    0x0821, 0x0821, 0x0821, 0x0821, 0x0821, 0x0821, 0x0821, 0x0821,
    0x0821, 0x0821, 0x0821, 0x0821, 0x0821, 0x0000, 0x0080, 0x0080,
    ],
    [
    0x0080, 0x0080, 0x0080, 0x0080, 0x0080, 0x0080, 0x0820, 0x0080,
    0x0080, 0x0080, 0x0080, 0x0080, 0x0080, 0x0000, 0x0080, 0x0080,
    0x0040, 0x0040, 0x0040, 0x0040, 0x0040, 0x0080, 0x0080, 0x0080,
    0x0080, 0x0040, 0x0040, 0x0000, 0x0000, 0x0000, 0x0000, 0x0000,
    0x0000, 0x0000, 0x0000, 0x0000, 0x0000, 0x0000, 0x0000, 0x0000,
    0x0000, 0x0000, 0x0000, 0x0000, 0x0000, 0x0000, 0x0000, 0x0000,
    0x0000, 0x0000, 0x0000, 0x0000, 0x0000, 0x0000, 0x0000, 0x0000,
    0x0000, 0x0000, 0x0000, 0x0000, 0x0000, 0x0000, 0x0000, 0x0000,
    ],
    [
    0x0001, 0x0001, 0x0001, 0x0001, 0x0001, 0x0001, 0x0001, 0x0001,
    0x0001, 0x0001, 0x0001, 0x0001, 0x0001, 0x0001, 0x0001, 0x0001,
    0x0001, 0x0001, 0x0001, 0x0001, 0x0001, 0x0001, 0x0001, 0x0001,
    0x0001, 0x0001, 0x0001, 0x0001, 0x0001, 0x0001, 0x0001, 0x0001,
    0x0001, 0x0001, 0x0001, 0x0001, 0x0001, 0x0001, 0x0001, 0x0001,
    0x0001, 0x0001, 0x0001, 0x0021, 0x0021, 0x0821, 0x0821, 0x0821,
    0x0821, 0x0821, 0x0821, 0x0821, 0x0821, 0x0821, 0x0821, 0x0820,
    0x0021, 0x8820, 0x0820, 0x0821, 0x0821, 0x0821, 0x0821, 0x0001,
    ],
    [
    0x0010, 0x0010, 0x0010, 0x0010, 0x0010, 0x0010, 0x0010, 0x0010,
    0x0010, 0x0010, 0x0040, 0x0040, 0x0040, 0x0040, 0x0040, 0x0040,
    0x0001, 0x0001, 0x0001, 0x0001, 0x0001, 0x0001, 0x0821, 0x0821,
    0x0821, 0x0821, 0x0001, 0x0001, 0x0001, 0x0001, 0x0821, 0x0821,
    0x0821, 0x0001, 0x0021, 0x0021, 0x0021, 0x0001, 0x0001, 0x0021,
    0x0021, 0x0021, 0x0021, 0x0021, 0x0021, 0x0021, 0x0001, 0x0001,
    0x0001, 0x0821, 0x0821, 0x0821, 0x0821, 0x0001, 0x0001, 0x0001,
    0x0001, 0x0001, 0x0001, 0x0001, 0x0001, 0x0001, 0x0001, 0x0001,
    ],
    [
    0x0001, 0x0001, 0x0821, 0x0021, 0x0821, 0x0821, 0x0821, 0x0021,
    0x0021, 0x0021, 0x0021, 0x0021, 0x0021, 0x0821, 0x0001, 0x0021,
    0x0010, 0x0010, 0x0010, 0x0010, 0x0010, 0x0010, 0x0010, 0x0010,
    0x0010, 0x0010, 0x0021, 0x0021, 0x0021, 0x0821, 0x0080, 0x0080,
    0x0003, 0x0003, 0x0003, 0x0003, 0x0003, 0x0003, 0x0003, 0x0003,
    0x0003, 0x0003, 0x0003, 0x0003, 0x0003, 0x0003, 0x0003, 0x0003,
    0x0003, 0x0003, 0x0003, 0x0003, 0x0003, 0x0003, 0x0003, 0x0003,
    0x0003, 0x0003, 0x0003, 0x0003, 0x0003, 0x0003, 0x0003, 0x0003,
    ],
    [
    0x0003, 0x0003, 0x0003, 0x0003, 0x0003, 0x0003, 0x0000, 0x0003,
    0x0000, 0x0000, 0x0000, 0x0000, 0x0000, 0x0003, 0x0000, 0x0000,
    0x0005, 0x0005, 0x0005, 0x0005, 0x0005, 0x0005, 0x0005, 0x0005,
    0x0005, 0x0005, 0x0005, 0x0005, 0x0005, 0x0005, 0x0005, 0x0005,
    0x0005, 0x0005, 0x0005, 0x0005, 0x0005, 0x0005, 0x0005, 0x0005,
    0x0005, 0x0005, 0x0005, 0x0005, 0x0005, 0x0005, 0x0005, 0x0005,
    0x0005, 0x0005, 0x0005, 0x0005, 0x0005, 0x0005, 0x0005, 0x0005,
    0x0005, 0x0005, 0x0005, 0x0040, 0x0005, 0x0005, 0x0005, 0x0005,
    ],
    [
    0x1001, 0x1001, 0x1001, 0x1001, 0x1001, 0x1001, 0x1001, 0x1001,
    0x1001, 0x1001, 0x1001, 0x1001, 0x1001, 0x1001, 0x1001, 0x1001,
    0x1001, 0x1001, 0x1001, 0x1001, 0x1001, 0x1001, 0x1001, 0x1001,
    0x1001, 0x1001, 0x1001, 0x1001, 0x1001, 0x1001, 0x1001, 0x1001,
    0x1001, 0x1001, 0x1001, 0x1001, 0x1001, 0x1001, 0x1001, 0x1001,
    0x1001, 0x1001, 0x1001, 0x1001, 0x1001, 0x1001, 0x1001, 0x1001,
    0x1001, 0x1001, 0x1001, 0x1001, 0x1001, 0x1001, 0x1001, 0x1001,
    0x1001, 0x1001, 0x1001, 0x1001, 0x1001, 0x1001, 0x1001, 0x1001,
    ],
    [
    0x0001, 0x0001, 0x0001, 0x0001, 0x0001, 0x0001, 0x0001, 0x0001,
    0x0001, 0x0000, 0x0001, 0x0001, 0x0001, 0x0001, 0x0000, 0x0000,
    0x0001, 0x0001, 0x0001, 0x0001, 0x0001, 0x0001, 0x0001, 0x0000,
    0x0001, 0x0000, 0x0001, 0x0001, 0x0001, 0x0001, 0x0000, 0x0000,
    0x0001, 0x0001, 0x0001, 0x0001, 0x0001, 0x0001, 0x0001, 0x0001,
    0x0001, 0x0001, 0x0001, 0x0001, 0x0001, 0x0001, 0x0001, 0x0001,
    0x0001, 0x0001, 0x0001, 0x0001, 0x0001, 0x0001, 0x0001, 0x0001,
    0x0001, 0x0001, 0x0001, 0x0001, 0x0001, 0x0001, 0x0001, 0x0001,
    ],
    [
    0x0001, 0x0001, 0x0001, 0x0001, 0x0001, 0x0001, 0x0001, 0x0001,
    0x0001, 0x0000, 0x0001, 0x0001, 0x0001, 0x0001, 0x0000, 0x0000,
    0x0001, 0x0001, 0x0001, 0x0001, 0x0001, 0x0001, 0x0001, 0x0001,
    0x0001, 0x0001, 0x0001, 0x0001, 0x0001, 0x0001, 0x0001, 0x0001,
    0x0001, 0x0001, 0x0001, 0x0001, 0x0001, 0x0001, 0x0001, 0x0001,
    0x0001, 0x0001, 0x0001, 0x0001, 0x0001, 0x0001, 0x0001, 0x0001,
    0x0001, 0x0000, 0x0001, 0x0001, 0x0001, 0x0001, 0x0000, 0x0000,
    0x0001, 0x0001, 0x0001, 0x0001, 0x0001, 0x0001, 0x0001, 0x0000,
    ],
    [
    0x0001, 0x0000, 0x0001, 0x0001, 0x0001, 0x0001, 0x0000, 0x0000,
    0x0001, 0x0001, 0x0001, 0x0001, 0x0001, 0x0001, 0x0001, 0x0001,
    0x0001, 0x0001, 0x0001, 0x0001, 0x0001, 0x0001, 0x0001, 0x0000,
    0x0001, 0x0001, 0x0001, 0x0001, 0x0001, 0x0001, 0x0001, 0x0001,
    0x0001, 0x0001, 0x0001, 0x0001, 0x0001, 0x0001, 0x0001, 0x0001,
    0x0001, 0x0001, 0x0001, 0x0001, 0x0001, 0x0001, 0x0001, 0x0001,
    0x0001, 0x0001, 0x0001, 0x0001, 0x0001, 0x0001, 0x0001, 0x0001,
    0x0001, 0x0001, 0x0001, 0x0001, 0x0001, 0x0001, 0x0001, 0x0001,
    ],
    [
    0x0001, 0x0001, 0x0001, 0x0001, 0x0001, 0x0001, 0x0001, 0x0001,
    0x0001, 0x0001, 0x0001, 0x0001, 0x0001, 0x0001, 0x0001, 0x0001,
    0x0001, 0x0000, 0x0001, 0x0001, 0x0001, 0x0001, 0x0000, 0x0000,
    0x0001, 0x0001, 0x0001, 0x0001, 0x0001, 0x0001, 0x0001, 0x0001,
    0x0001, 0x0001, 0x0001, 0x0001, 0x0001, 0x0001, 0x0001, 0x0001,
    0x0001, 0x0001, 0x0001, 0x0001, 0x0001, 0x0001, 0x0001, 0x0001,
    0x0001, 0x0001, 0x0001, 0x0001, 0x0001, 0x0001, 0x0001, 0x0001,
    0x0001, 0x0001, 0x0001, 0x0001, 0x0001, 0x0001, 0x0001, 0x0001,
    ],
    [
    0x0001, 0x0001, 0x0001, 0x0001, 0x0001, 0x0001, 0x0001, 0x0001,
    0x0001, 0x0001, 0x0001, 0x0001, 0x0001, 0x0001, 0x0001, 0x0001,
    0x0001, 0x0001, 0x0001, 0x0001, 0x0001, 0x0001, 0x0001, 0x0001,
    0x0001, 0x0001, 0x0001, 0x0000, 0x0000, 0x0820, 0x0820, 0x0820,
    0x0040, 0x0040, 0x0040, 0x0040, 0x0040, 0x0040, 0x0040, 0x0040,
    0x0040, 0x0000, 0x0000, 0x0000, 0x0000, 0x0000, 0x0000, 0x0000,
    0x0000, 0x0000, 0x0000, 0x0000, 0x0000, 0x0000, 0x0000, 0x0000,
    0x0000, 0x0000, 0x0000, 0x0000, 0x0000, 0x0000, 0x0000, 0x0000,
    ],
    [
    0x0001, 0x0001, 0x0001, 0x0001, 0x0001, 0x0001, 0x0001, 0x0001,
    0x0001, 0x0001, 0x0001, 0x0001, 0x0001, 0x0001, 0x0001, 0x0001,
    0x0080, 0x0080, 0x0080, 0x0080, 0x0080, 0x0080, 0x0080, 0x0080,
    0x0080, 0x0080, 0x0000, 0x0000, 0x0000, 0x0000, 0x0000, 0x0000,
    0x0003, 0x0003, 0x0003, 0x0003, 0x0003, 0x0003, 0x0003, 0x0003,
    0x0003, 0x0003, 0x0003, 0x0003, 0x0003, 0x0003, 0x0003, 0x0003,
    0x0003, 0x0003, 0x0003, 0x0003, 0x0003, 0x0003, 0x0003, 0x0003,
    0x0003, 0x0003, 0x0003, 0x0003, 0x0003, 0x0003, 0x0003, 0x0003,
    ],
    [
    0x0003, 0x0003, 0x0003, 0x0003, 0x0003, 0x0003, 0x0003, 0x0003,
    0x0003, 0x0003, 0x0003, 0x0003, 0x0003, 0x0003, 0x0003, 0x0003,
    0x0003, 0x0003, 0x0003, 0x0003, 0x0003, 0x0003, 0x0003, 0x0003,
    0x0003, 0x0003, 0x0003, 0x0003, 0x0003, 0x0003, 0x0003, 0x0003,
    0x0003, 0x0003, 0x0003, 0x0003, 0x0003, 0x0003, 0x0003, 0x0003,
    0x0003, 0x0003, 0x0003, 0x0003, 0x0003, 0x0003, 0x0003, 0x0003,
    0x0003, 0x0003, 0x0003, 0x0003, 0x0003, 0x0003, 0x0000, 0x0000,
    0x0005, 0x0005, 0x0005, 0x0005, 0x0005, 0x0005, 0x0000, 0x0000,
    ],
    [
    0x0040, 0x0001, 0x0001, 0x0001, 0x0001, 0x0001, 0x0001, 0x0001,
    0x0001, 0x0001, 0x0001, 0x0001, 0x0001, 0x0001, 0x0001, 0x0001,
    0x0001, 0x0001, 0x0001, 0x0001, 0x0001, 0x0001, 0x0001, 0x0001,
    0x0001, 0x0001, 0x0001, 0x0001, 0x0001, 0x0001, 0x0001, 0x0001,
    0x0001, 0x0001, 0x0001, 0x0001, 0x0001, 0x0001, 0x0001, 0x0001,
    0x0001, 0x0001, 0x0001, 0x0001, 0x0001, 0x0001, 0x0001, 0x0001,
    0x0001, 0x0001, 0x0001, 0x0001, 0x0001, 0x0001, 0x0001, 0x0001,
    0x0001, 0x0001, 0x0001, 0x0001, 0x0001, 0x0001, 0x0001, 0x0001,
    ],
    [
    0x0001, 0x0001, 0x0001, 0x0001, 0x0001, 0x0001, 0x0001, 0x0001,
    0x0001, 0x0001, 0x0001, 0x0001, 0x0001, 0x0001, 0x0001, 0x0001,
    0x0001, 0x0001, 0x0001, 0x0001, 0x0001, 0x0001, 0x0001, 0x0001,
    0x0001, 0x0001, 0x0001, 0x0001, 0x0001, 0x0001, 0x0001, 0x0001,
    0x0001, 0x0001, 0x0001, 0x0001, 0x0001, 0x0001, 0x0001, 0x0001,
    0x0001, 0x0001, 0x0001, 0x0001, 0x0001, 0x0080, 0x0040, 0x0001,
    0x0001, 0x0001, 0x0001, 0x0001, 0x0001, 0x0001, 0x0001, 0x0001,
    0x0001, 0x0001, 0x0001, 0x0001, 0x0001, 0x0001, 0x0001, 0x0001,
    ],
    [
    0x0008, 0x0001, 0x0001, 0x0001, 0x0001, 0x0001, 0x0001, 0x0001,
    0x0001, 0x0001, 0x0001, 0x0001, 0x0001, 0x0001, 0x0001, 0x0001,
    0x0001, 0x0001, 0x0001, 0x0001, 0x0001, 0x0001, 0x0001, 0x0001,
    0x0001, 0x0001, 0x0001, 0x0040, 0x0040, 0x0000, 0x0000, 0x0000,
    0x0001, 0x0001, 0x0001, 0x0001, 0x0001, 0x0001, 0x0001, 0x0001,
    0x0001, 0x0001, 0x0001, 0x0001, 0x0001, 0x0001, 0x0001, 0x0001,
    0x0001, 0x0001, 0x0001, 0x0001, 0x0001, 0x0001, 0x0001, 0x0001,
    0x0001, 0x0001, 0x0001, 0x0001, 0x0001, 0x0001, 0x0001, 0x0001,
    ],
    [
    0x0001, 0x0001, 0x0001, 0x0001, 0x0001, 0x0001, 0x0001, 0x0001,
    0x0001, 0x0001, 0x0001, 0x0001, 0x0001, 0x0001, 0x0001, 0x0001,
    0x0001, 0x0001, 0x0001, 0x0001, 0x0001, 0x0001, 0x0001, 0x0001,
    0x0001, 0x0001, 0x0001, 0x0001, 0x0001, 0x0001, 0x0001, 0x0001,
    0x0001, 0x0001, 0x0001, 0x0001, 0x0001, 0x0001, 0x0001, 0x0001,
    0x0001, 0x0001, 0x0001, 0x0040, 0x0040, 0x0040, 0x0001, 0x0001,
    0x0001, 0x0001, 0x0001, 0x0001, 0x0001, 0x0001, 0x0001, 0x0001,
    0x0001, 0x0000, 0x0000, 0x0000, 0x0000, 0x0000, 0x0000, 0x0000,
    ],
    [
    0x0001, 0x0001, 0x0001, 0x0001, 0x0001, 0x0001, 0x0001, 0x0001,
    0x0001, 0x0001, 0x0001, 0x0001, 0x0001, 0x0001, 0x0001, 0x0001,
    0x0001, 0x0001, 0x0821, 0x0821, 0x0820, 0x0820, 0x0000, 0x0000,
    0x0000, 0x0000, 0x0000, 0x0000, 0x0000, 0x0000, 0x0000, 0x0001,
    0x0001, 0x0001, 0x0001, 0x0001, 0x0001, 0x0001, 0x0001, 0x0001,
    0x0001, 0x0001, 0x0001, 0x0001, 0x0001, 0x0001, 0x0001, 0x0001,
    0x0001, 0x0001, 0x0821, 0x0821, 0x0820, 0x0040, 0x0040, 0x0000,
    0x0000, 0x0000, 0x0000, 0x0000, 0x0000, 0x0000, 0x0000, 0x0000,
    ],
    [
    0x0001, 0x0001, 0x0001, 0x0001, 0x0001, 0x0001, 0x0001, 0x0001,
    0x0001, 0x0001, 0x0001, 0x0001, 0x0001, 0x0001, 0x0001, 0x0001,
    0x0001, 0x0001, 0x0821, 0x0821, 0x0000, 0x0000, 0x0000, 0x0000,
    0x0000, 0x0000, 0x0000, 0x0000, 0x0000, 0x0000, 0x0000, 0x0000,
    0x0001, 0x0001, 0x0001, 0x0001, 0x0001, 0x0001, 0x0001, 0x0001,
    0x0001, 0x0001, 0x0001, 0x0001, 0x0001, 0x0000, 0x0001, 0x0001,
    0x0001, 0x0000, 0x0821, 0x0821, 0x0000, 0x0000, 0x0000, 0x0000,
    0x0000, 0x0000, 0x0000, 0x0000, 0x0000, 0x0000, 0x0000, 0x0000,
    ],
    [
    0x0001, 0x0001, 0x0001, 0x0001, 0x0001, 0x0001, 0x0001, 0x0001,
    0x0001, 0x0001, 0x0001, 0x0001, 0x0001, 0x0001, 0x0001, 0x0001,
    0x0001, 0x0001, 0x0001, 0x0001, 0x0001, 0x0001, 0x0001, 0x0001,
    0x0001, 0x0001, 0x0001, 0x0001, 0x0001, 0x0001, 0x0001, 0x0001,
    0x0001, 0x0001, 0x0001, 0x0001, 0x0001, 0x0001, 0x0001, 0x0001,
    0x0001, 0x0001, 0x0001, 0x0001, 0x0001, 0x0001, 0x0001, 0x0001,
    0x0001, 0x0001, 0x0001, 0x0001, 0x0820, 0x0820, 0x0821, 0x0821,
    0x0821, 0x0821, 0x0821, 0x0821, 0x0821, 0x0821, 0x0821, 0x0821,
    ],
    [
    0x0821, 0x0821, 0x0821, 0x0821, 0x0821, 0x0821, 0x0821, 0x0821,
    0x0821, 0x0820, 0x0820, 0x0820, 0x0820, 0x0820, 0x0820, 0x0820,
    0x0820, 0x0820, 0x8820, 0x0820, 0x0040, 0x0040, 0x0040, 0x0001,
    0x0040, 0x0040, 0x0040, 0x0080, 0x0001, 0x0820, 0x0000, 0x0000,
    0x0010, 0x0010, 0x0010, 0x0010, 0x0010, 0x0010, 0x0010, 0x0010,
    0x0010, 0x0010, 0x0000, 0x0000, 0x0000, 0x0000, 0x0000, 0x0000,
    0x0000, 0x0000, 0x0000, 0x0000, 0x0000, 0x0000, 0x0000, 0x0000,
    0x0000, 0x0000, 0x0000, 0x0000, 0x0000, 0x0000, 0x0000, 0x0000,
    ],
    [
    0x0040, 0x0040, 0x0040, 0x0040, 0x0040, 0x0040, 0x0040, 0x0040,
    0x0040, 0x0040, 0x0040, 0x0820, 0x0820, 0x0820, 0x3200, 0x0820,
    0x0010, 0x0010, 0x0010, 0x0010, 0x0010, 0x0010, 0x0010, 0x0010,
    0x0010, 0x0010, 0x0000, 0x0000, 0x0000, 0x0000, 0x0000, 0x0000,
    0x0001, 0x0001, 0x0001, 0x0001, 0x0001, 0x0001, 0x0001, 0x0001,
    0x0001, 0x0001, 0x0001, 0x0001, 0x0001, 0x0001, 0x0001, 0x0001,
    0x0001, 0x0001, 0x0001, 0x0001, 0x0001, 0x0001, 0x0001, 0x0001,
    0x0001, 0x0001, 0x0001, 0x0001, 0x0001, 0x0001, 0x0001, 0x0001,
    ],
    [
    0x0001, 0x0001, 0x0001, 0x0001, 0x0001, 0x0001, 0x0001, 0x0001,
    0x0001, 0x0001, 0x0001, 0x0001, 0x0001, 0x0001, 0x0001, 0x0001,
    0x0001, 0x0001, 0x0001, 0x0001, 0x0001, 0x0001, 0x0001, 0x0001,
    0x0001, 0x0001, 0x0001, 0x0001, 0x0001, 0x0001, 0x0001, 0x0001,
    0x0001, 0x0001, 0x0001, 0x0001, 0x0001, 0x0001, 0x0001, 0x0001,
    0x0001, 0x0001, 0x0001, 0x0001, 0x0001, 0x0001, 0x0001, 0x0001,
    0x0001, 0x0001, 0x0001, 0x0001, 0x0001, 0x0001, 0x0001, 0x0001,
    0x0001, 0x0000, 0x0000, 0x0000, 0x0000, 0x0000, 0x0000, 0x0000,
    ],
    [
    0x0001, 0x0001, 0x0001, 0x0001, 0x0001, 0x0821, 0x0821, 0x0001,
    0x0001, 0x0001, 0x0001, 0x0001, 0x0001, 0x0001, 0x0001, 0x0001,
    0x0001, 0x0001, 0x0001, 0x0001, 0x0001, 0x0001, 0x0001, 0x0001,
    0x0001, 0x0001, 0x0001, 0x0001, 0x0001, 0x0001, 0x0001, 0x0001,
    0x0001, 0x0001, 0x0001, 0x0001, 0x0001, 0x0001, 0x0001, 0x0001,
    0x0001, 0x0821, 0x0001, 0x0000, 0x0000, 0x0000, 0x0000, 0x0000,
    0x0001, 0x0001, 0x0001, 0x0001, 0x0001, 0x0001, 0x0001, 0x0001,
    0x0001, 0x0001, 0x0001, 0x0001, 0x0001, 0x0001, 0x0001, 0x0001,
    ],
    [
    0x0001, 0x0001, 0x0001, 0x0001, 0x0001, 0x0001, 0x0001, 0x0001,
    0x0001, 0x0001, 0x0001, 0x0001, 0x0001, 0x0001, 0x0001, 0x0001,
    0x0001, 0x0001, 0x0001, 0x0001, 0x0001, 0x0001, 0x0001, 0x0001,
    0x0001, 0x0001, 0x0001, 0x0001, 0x0001, 0x0001, 0x0001, 0x0001,
    0x0001, 0x0001, 0x0001, 0x0001, 0x0001, 0x0001, 0x0001, 0x0001,
    0x0001, 0x0001, 0x0001, 0x0001, 0x0001, 0x0001, 0x0001, 0x0001,
    0x0001, 0x0001, 0x0001, 0x0001, 0x0001, 0x0001, 0x0000, 0x0000,
    0x0000, 0x0000, 0x0000, 0x0000, 0x0000, 0x0000, 0x0000, 0x0000,
    ],
    [
    0x0001, 0x0001, 0x0001, 0x0001, 0x0001, 0x0001, 0x0001, 0x0001,
    0x0001, 0x0001, 0x0001, 0x0001, 0x0001, 0x0001, 0x0001, 0x0001,
    0x0001, 0x0001, 0x0001, 0x0001, 0x0001, 0x0001, 0x0001, 0x0001,
    0x0001, 0x0001, 0x0001, 0x0001, 0x0001, 0x0001, 0x0001, 0x0000,
    0x0821, 0x0821, 0x0821, 0x0821, 0x0821, 0x0821, 0x0821, 0x0821,
    0x0821, 0x0821, 0x0821, 0x0821, 0x0000, 0x0000, 0x0000, 0x0000,
    0x0821, 0x0821, 0x0821, 0x0821, 0x0821, 0x0821, 0x0821, 0x0821,
    0x0821, 0x0820, 0x0820, 0x0820, 0x0000, 0x0000, 0x0000, 0x0000,
    ],
    [
    0x0080, 0x0000, 0x0000, 0x0000, 0x0040, 0x0040, 0x0010, 0x0010,
    0x0010, 0x0010, 0x0010, 0x0010, 0x0010, 0x0010, 0x0010, 0x0010,
    0x0001, 0x0001, 0x0001, 0x0001, 0x0001, 0x0001, 0x0001, 0x0001,
    0x0001, 0x0001, 0x0001, 0x0001, 0x0001, 0x0001, 0x0001, 0x0001,
    0x0001, 0x0001, 0x0001, 0x0001, 0x0001, 0x0001, 0x0001, 0x0001,
    0x0001, 0x0001, 0x0001, 0x0001, 0x0001, 0x0001, 0x0000, 0x0000,
    0x0001, 0x0001, 0x0001, 0x0001, 0x0001, 0x0000, 0x0000, 0x0000,
    0x0000, 0x0000, 0x0000, 0x0000, 0x0000, 0x0000, 0x0000, 0x0000,
    ],
    [
    0x0001, 0x0001, 0x0001, 0x0001, 0x0001, 0x0001, 0x0001, 0x0001,
    0x0001, 0x0001, 0x0001, 0x0001, 0x0001, 0x0001, 0x0001, 0x0001,
    0x0001, 0x0001, 0x0001, 0x0001, 0x0001, 0x0001, 0x0001, 0x0001,
    0x0001, 0x0001, 0x0001, 0x0001, 0x0001, 0x0001, 0x0001, 0x0001,
    0x0001, 0x0001, 0x0001, 0x0001, 0x0001, 0x0001, 0x0001, 0x0001,
    0x0001, 0x0001, 0x0001, 0x0001, 0x0000, 0x0000, 0x0000, 0x0000,
    0x0001, 0x0001, 0x0001, 0x0001, 0x0001, 0x0001, 0x0001, 0x0001,
    0x0001, 0x0001, 0x0001, 0x0001, 0x0001, 0x0001, 0x0001, 0x0001,
    ],
    [
    0x0001, 0x0001, 0x0001, 0x0001, 0x0001, 0x0001, 0x0001, 0x0001,
    0x0001, 0x0001, 0x0000, 0x0000, 0x0000, 0x0000, 0x0000, 0x0000,
    0x0010, 0x0010, 0x0010, 0x0010, 0x0010, 0x0010, 0x0010, 0x0010,
    0x0010, 0x0010, 0x0000, 0x0000, 0x0000, 0x0000, 0x0080, 0x0080,
    0x0080, 0x0080, 0x0080, 0x0080, 0x0080, 0x0080, 0x0080, 0x0080,
    0x0080, 0x0080, 0x0080, 0x0080, 0x0080, 0x0080, 0x0080, 0x0080,
    0x0080, 0x0080, 0x0080, 0x0080, 0x0080, 0x0080, 0x0080, 0x0080,
    0x0080, 0x0080, 0x0080, 0x0080, 0x0080, 0x0080, 0x0080, 0x0080,
    ],
    [
    0x0001, 0x0001, 0x0001, 0x0001, 0x0001, 0x0001, 0x0001, 0x0001,
    0x0001, 0x0001, 0x0001, 0x0001, 0x0001, 0x0001, 0x0001, 0x0001,
    0x0001, 0x0001, 0x0001, 0x0001, 0x0001, 0x0001, 0x0001, 0x0821,
    0x0821, 0x0821, 0x0821, 0x0821, 0x0000, 0x0000, 0x0040, 0x0040,
    0x0001, 0x0001, 0x0001, 0x0001, 0x0001, 0x0001, 0x0001, 0x0001,
    0x0001, 0x0001, 0x0001, 0x0001, 0x0001, 0x0001, 0x0001, 0x0001,
    0x0001, 0x0001, 0x0001, 0x0001, 0x0001, 0x0001, 0x0001, 0x0001,
    0x0001, 0x0001, 0x0001, 0x0001, 0x0001, 0x0001, 0x0001, 0x0001,
    ],
    [
    0x0001, 0x0001, 0x0001, 0x0001, 0x0001, 0x0001, 0x0001, 0x0001,
    0x0001, 0x0001, 0x0001, 0x0001, 0x0001, 0x0001, 0x0001, 0x0001,
    0x0001, 0x0001, 0x0001, 0x0001, 0x0001, 0x0821, 0x0821, 0x0821,
    0x0821, 0x0821, 0x0821, 0x0821, 0x0821, 0x0821, 0x0821, 0x0000,
    0x8820, 0x0021, 0x0821, 0x0021, 0x0021, 0x0821, 0x0821, 0x0821,
    0x0821, 0x0821, 0x0821, 0x0821, 0x0821, 0x0821, 0x0821, 0x0821,
    0x0821, 0x0821, 0x0821, 0x0821, 0x0821, 0x0820, 0x0820, 0x0820,
    0x0820, 0x0820, 0x0820, 0x0820, 0x0820, 0x0000, 0x0000, 0x0820,
    ],
    [
    0x0010, 0x0010, 0x0010, 0x0010, 0x0010, 0x0010, 0x0010, 0x0010,
    0x0010, 0x0010, 0x0000, 0x0000, 0x0000, 0x0000, 0x0000, 0x0000,
    0x0010, 0x0010, 0x0010, 0x0010, 0x0010, 0x0010, 0x0010, 0x0010,
    0x0010, 0x0010, 0x0000, 0x0000, 0x0000, 0x0000, 0x0000, 0x0000,
    0x0040, 0x0040, 0x0040, 0x0040, 0x0040, 0x0040, 0x0040, 0x0001,
    0x0040, 0x0040, 0x0040, 0x0040, 0x0040, 0x0040, 0x0000, 0x0000,
    0x0820, 0x0820, 0x0820, 0x0820, 0x0820, 0x0820, 0x0820, 0x0820,
    0x0820, 0x0820, 0x0820, 0x0820, 0x0820, 0x0820, 0x0820, 0x0821,
    ],
    [
    0x0821, 0x0820, 0x0820, 0x0820, 0x0820, 0x0820, 0x0820, 0x0820,
    0x0820, 0x0820, 0x0820, 0x0820, 0x0821, 0x0821, 0x0821, 0x0820,
    0x0820, 0x0820, 0x0820, 0x0820, 0x0820, 0x0820, 0x0820, 0x0820,
    0x0820, 0x0820, 0x0820, 0x0820, 0x0820, 0x0820, 0x0000, 0x0000,
    0x0820, 0x0820, 0x0820, 0x0820, 0x0820, 0x0820, 0x0820, 0x0820,
    0x0820, 0x0820, 0x0820, 0x0820, 0x0000, 0x0000, 0x0000, 0x0000,
    0x0000, 0x0000, 0x0000, 0x0000, 0x0000, 0x0000, 0x0000, 0x0000,
    0x0000, 0x0000, 0x0000, 0x0000, 0x0000, 0x0000, 0x0000, 0x0000,
    ],
    [
    0x0821, 0x0821, 0x0821, 0x0821, 0x0821, 0x0001, 0x0001, 0x0001,
    0x0001, 0x0001, 0x0001, 0x0001, 0x0001, 0x0001, 0x0001, 0x0001,
    0x0001, 0x0001, 0x0001, 0x0001, 0x0001, 0x0001, 0x0001, 0x0001,
    0x0001, 0x0001, 0x0001, 0x0001, 0x0001, 0x0001, 0x0001, 0x0001,
    0x0001, 0x0001, 0x0001, 0x0001, 0x0001, 0x0001, 0x0001, 0x0001,
    0x0001, 0x0001, 0x0001, 0x0001, 0x0001, 0x0001, 0x0001, 0x0001,
    0x0001, 0x0001, 0x0001, 0x0001, 0x0820, 0x0821, 0x0821, 0x0821,
    0x0821, 0x0821, 0x0821, 0x0821, 0x0821, 0x0821, 0x0821, 0x0821,
    ],
    [
    0x0821, 0x0821, 0x0821, 0x0821, 0x8820, 0x0001, 0x0001, 0x0001,
    0x0001, 0x0001, 0x0001, 0x0001, 0x0001, 0x0000, 0x0040, 0x0040,
    0x0010, 0x0010, 0x0010, 0x0010, 0x0010, 0x0010, 0x0010, 0x0010,
    0x0010, 0x0010, 0x0040, 0x0040, 0x0040, 0x0040, 0x0040, 0x0040,
    0x0040, 0x0080, 0x0080, 0x0080, 0x0080, 0x0080, 0x0080, 0x0080,
    0x0080, 0x0080, 0x0080, 0x0820, 0x0820, 0x0820, 0x0820, 0x0820,
    0x0820, 0x0820, 0x0820, 0x0820, 0x0080, 0x0080, 0x0080, 0x0080,
    0x0080, 0x0080, 0x0080, 0x0080, 0x0080, 0x0040, 0x0040, 0x0040,
    ],
    [
    0x0821, 0x0821, 0x0821, 0x0001, 0x0001, 0x0001, 0x0001, 0x0001,
    0x0001, 0x0001, 0x0001, 0x0001, 0x0001, 0x0001, 0x0001, 0x0001,
    0x0001, 0x0001, 0x0001, 0x0001, 0x0001, 0x0001, 0x0001, 0x0001,
    0x0001, 0x0001, 0x0001, 0x0001, 0x0001, 0x0001, 0x0001, 0x0001,
    0x0001, 0x0821, 0x0821, 0x0821, 0x0821, 0x0821, 0x0821, 0x0821,
    0x0821, 0x0821, 0x0820, 0x8820, 0x0821, 0x0821, 0x0001, 0x0001,
    0x0010, 0x0010, 0x0010, 0x0010, 0x0010, 0x0010, 0x0010, 0x0010,
    0x0010, 0x0010, 0x0001, 0x0001, 0x0001, 0x0001, 0x0001, 0x0001,
    ],
    [
    0x0001, 0x0001, 0x0001, 0x0001, 0x0001, 0x0001, 0x0001, 0x0001,
    0x0001, 0x0001, 0x0001, 0x0001, 0x0001, 0x0001, 0x0001, 0x0001,
    0x0001, 0x0001, 0x0001, 0x0001, 0x0001, 0x0001, 0x0001, 0x0001,
    0x0001, 0x0001, 0x0001, 0x0001, 0x0001, 0x0001, 0x0001, 0x0001,
    0x0001, 0x0001, 0x0001, 0x0001, 0x0001, 0x0001, 0x0820, 0x0821,
    0x0821, 0x0821, 0x0821, 0x0821, 0x0821, 0x0821, 0x0821, 0x0821,
    0x0821, 0x0821, 0x0820, 0x0820, 0x0000, 0x0000, 0x0000, 0x0000,
    0x0000, 0x0000, 0x0000, 0x0000, 0x0040, 0x0040, 0x0040, 0x0040,
    ],
    [
    0x0001, 0x0001, 0x0001, 0x0001, 0x0001, 0x0001, 0x0001, 0x0001,
    0x0001, 0x0001, 0x0001, 0x0001, 0x0001, 0x0001, 0x0001, 0x0001,
    0x0001, 0x0001, 0x0001, 0x0001, 0x0001, 0x0001, 0x0001, 0x0001,
    0x0001, 0x0001, 0x0001, 0x0001, 0x0001, 0x0001, 0x0001, 0x0001,
    0x0001, 0x0001, 0x0001, 0x0001, 0x0821, 0x0821, 0x0821, 0x0821,
    0x0821, 0x0821, 0x0821, 0x0821, 0x0821, 0x0821, 0x0821, 0x0821,
    0x0821, 0x0821, 0x0821, 0x0821, 0x0821, 0x0821, 0x0821, 0x0820,
    0x0000, 0x0000, 0x0000, 0x0040, 0x0040, 0x0040, 0x0040, 0x0040,
    ],
    [
    0x0010, 0x0010, 0x0010, 0x0010, 0x0010, 0x0010, 0x0010, 0x0010,
    0x0010, 0x0010, 0x0000, 0x0000, 0x0000, 0x0001, 0x0001, 0x0001,
    0x0010, 0x0010, 0x0010, 0x0010, 0x0010, 0x0010, 0x0010, 0x0010,
    0x0010, 0x0010, 0x0001, 0x0001, 0x0001, 0x0001, 0x0001, 0x0001,
    0x0001, 0x0001, 0x0001, 0x0001, 0x0001, 0x0001, 0x0001, 0x0001,
    0x0001, 0x0001, 0x0001, 0x0001, 0x0001, 0x0001, 0x0001, 0x0001,
    0x0001, 0x0001, 0x0001, 0x0001, 0x0001, 0x0001, 0x0001, 0x0001,
    0x0001, 0x0001, 0x0001, 0x0001, 0x0001, 0x0001, 0x0040, 0x0040,
    ],
    [
    0x0005, 0x0005, 0x0005, 0x0005, 0x0005, 0x0005, 0x0005, 0x0005,
    0x0005, 0x0003, 0x0005, 0x0000, 0x0000, 0x0000, 0x0000, 0x0000,
    0x0003, 0x0003, 0x0003, 0x0003, 0x0003, 0x0003, 0x0003, 0x0003,
    0x0003, 0x0003, 0x0003, 0x0003, 0x0003, 0x0003, 0x0003, 0x0003,
    0x0003, 0x0003, 0x0003, 0x0003, 0x0003, 0x0003, 0x0003, 0x0003,
    0x0003, 0x0003, 0x0003, 0x0003, 0x0003, 0x0003, 0x0003, 0x0003,
    0x0003, 0x0003, 0x0003, 0x0003, 0x0003, 0x0003, 0x0003, 0x0003,
    0x0003, 0x0003, 0x0003, 0x0000, 0x0000, 0x0003, 0x0003, 0x0003,
    ],
    [
    0x0040, 0x0040, 0x0040, 0x0040, 0x0040, 0x0040, 0x0040, 0x0040,
    0x0000, 0x0000, 0x0000, 0x0000, 0x0000, 0x0000, 0x0000, 0x0000,
    0x0820, 0x0820, 0x0820, 0x0040, 0x0820, 0x0820, 0x0820, 0x0820,
    0x0820, 0x0820, 0x0820, 0x0820, 0x0820, 0x0820, 0x0820, 0x0820,
    0x0820, 0x0820, 0x0820, 0x0820, 0x0820, 0x0820, 0x0820, 0x0820,
    0x0820, 0x0001, 0x0001, 0x0001, 0x0001, 0x0820, 0x0001, 0x0001,
    0x0001, 0x0001, 0x0001, 0x0001, 0x0820, 0x0001, 0x0001, 0x0820,
    0x0820, 0x0820, 0x0001, 0x0000, 0x0000, 0x0000, 0x0000, 0x0000,
    ],
    [
    0x0005, 0x0005, 0x0005, 0x0005, 0x0005, 0x0005, 0x0005, 0x0005,
    0x0005, 0x0005, 0x0005, 0x0005, 0x0005, 0x0005, 0x0005, 0x0005,
    0x0005, 0x0005, 0x0005, 0x0005, 0x0005, 0x0005, 0x0005, 0x0005,
    0x0005, 0x0005, 0x0005, 0x0005, 0x0005, 0x0005, 0x0005, 0x0005,
    0x0005, 0x0005, 0x0005, 0x0005, 0x0005, 0x0005, 0x0005, 0x0005,
    0x0005, 0x0005, 0x0005, 0x0005, 0x0005, 0x0005, 0x0005, 0x0005,
    0x0005, 0x0005, 0x0005, 0x0005, 0x0005, 0x0005, 0x0005, 0x0005,
    0x0005, 0x0005, 0x0005, 0x0005, 0x0005, 0x0005, 0x0005, 0x0005,
    ],
    [
    0x0820, 0x0820, 0x0820, 0x0820, 0x0820, 0x0820, 0x0820, 0x0820,
    0x0820, 0x0820, 0x0820, 0x0820, 0x0820, 0x0820, 0x0820, 0x0820,
    0x0820, 0x0820, 0x0820, 0x0821, 0x0821, 0x0821, 0x0821, 0x0821,
    0x0821, 0x0821, 0x0821, 0x0821, 0x0821, 0x0821, 0x0821, 0x0821,
    0x0821, 0x0821, 0x0821, 0x0821, 0x0821, 0x0821, 0x0821, 0x0821,
    0x0821, 0x0821, 0x0821, 0x0821, 0x0821, 0x0821, 0x0821, 0x0821,
    0x0821, 0x0821, 0x0821, 0x0821, 0x0821, 0x0820, 0x0820, 0x0820,
    0x0820, 0x0820, 0x0820, 0x0820, 0x0820, 0x0820, 0x0820, 0x0820,
    ],
    [
    0x0003, 0x0005, 0x0003, 0x0005, 0x0003, 0x0005, 0x0003, 0x0005,
    0x0003, 0x0005, 0x0003, 0x0005, 0x0003, 0x0005, 0x0003, 0x0005,
    0x0003, 0x0005, 0x0003, 0x0005, 0x0003, 0x0005, 0x0003, 0x0005,
    0x0003, 0x0005, 0x0003, 0x0005, 0x0003, 0x0005, 0x0003, 0x0005,
    0x0003, 0x0005, 0x0003, 0x0005, 0x0003, 0x0005, 0x0003, 0x0005,
    0x0003, 0x0005, 0x0003, 0x0005, 0x0003, 0x0005, 0x0003, 0x0005,
    0x0003, 0x0005, 0x0003, 0x0005, 0x0003, 0x0005, 0x0003, 0x0005,
    0x0003, 0x0005, 0x0003, 0x0005, 0x0003, 0x0005, 0x0003, 0x0005,
    ],
    [
    0x0003, 0x0005, 0x0003, 0x0005, 0x0003, 0x0005, 0x0003, 0x0005,
    0x0003, 0x0005, 0x0003, 0x0005, 0x0003, 0x0005, 0x0003, 0x0005,
    0x0003, 0x0005, 0x0003, 0x0005, 0x0003, 0x0005, 0x0005, 0x0005,
    0x0005, 0x0005, 0x0005, 0x0005, 0x0005, 0x0005, 0x0003, 0x0005,
    0x0003, 0x0005, 0x0003, 0x0005, 0x0003, 0x0005, 0x0003, 0x0005,
    0x0003, 0x0005, 0x0003, 0x0005, 0x0003, 0x0005, 0x0003, 0x0005,
    0x0003, 0x0005, 0x0003, 0x0005, 0x0003, 0x0005, 0x0003, 0x0005,
    0x0003, 0x0005, 0x0003, 0x0005, 0x0003, 0x0005, 0x0003, 0x0005,
    ],
    [
    0x0005, 0x0005, 0x0005, 0x0005, 0x0005, 0x0005, 0x0005, 0x0005,
    0x0003, 0x0003, 0x0003, 0x0003, 0x0003, 0x0003, 0x0003, 0x0003,
    0x0005, 0x0005, 0x0005, 0x0005, 0x0005, 0x0005, 0x0000, 0x0000,
    0x0003, 0x0003, 0x0003, 0x0003, 0x0003, 0x0003, 0x0000, 0x0000,
    0x0005, 0x0005, 0x0005, 0x0005, 0x0005, 0x0005, 0x0005, 0x0005,
    0x0003, 0x0003, 0x0003, 0x0003, 0x0003, 0x0003, 0x0003, 0x0003,
    0x0005, 0x0005, 0x0005, 0x0005, 0x0005, 0x0005, 0x0005, 0x0005,
    0x0003, 0x0003, 0x0003, 0x0003, 0x0003, 0x0003, 0x0003, 0x0003,
    ],
    [
    0x0005, 0x0005, 0x0005, 0x0005, 0x0005, 0x0005, 0x0000, 0x0000,
    0x0003, 0x0003, 0x0003, 0x0003, 0x0003, 0x0003, 0x0000, 0x0000,
    0x0005, 0x0005, 0x0005, 0x0005, 0x0005, 0x0005, 0x0005, 0x0005,
    0x0000, 0x0003, 0x0000, 0x0003, 0x0000, 0x0003, 0x0000, 0x0003,
    0x0005, 0x0005, 0x0005, 0x0005, 0x0005, 0x0005, 0x0005, 0x0005,
    0x0003, 0x0003, 0x0003, 0x0003, 0x0003, 0x0003, 0x0003, 0x0003,
    0x0005, 0x0005, 0x0005, 0x0005, 0x0005, 0x0005, 0x0005, 0x0005,
    0x0005, 0x0005, 0x0005, 0x0005, 0x0005, 0x0005, 0x0000, 0x0000,
    ],
    [
    0x0005, 0x0005, 0x0005, 0x0005, 0x0005, 0x0005, 0x0005, 0x0005,
    0x0001, 0x0001, 0x0001, 0x0001, 0x0001, 0x0001, 0x0001, 0x0001,
    0x0005, 0x0005, 0x0005, 0x0005, 0x0005, 0x0005, 0x0005, 0x0005,
    0x0001, 0x0001, 0x0001, 0x0001, 0x0001, 0x0001, 0x0001, 0x0001,
    0x0005, 0x0005, 0x0005, 0x0005, 0x0005, 0x0005, 0x0005, 0x0005,
    0x0001, 0x0001, 0x0001, 0x0001, 0x0001, 0x0001, 0x0001, 0x0001,
    0x0005, 0x0005, 0x0005, 0x0005, 0x0005, 0x0000, 0x0005, 0x0005,
    0x0003, 0x0003, 0x0003, 0x0003, 0x0001, 0x0080, 0x0005, 0x0080,
    ],
    [
    0x0080, 0x0080, 0x0005, 0x0005, 0x0005, 0x0000, 0x0005, 0x0005,
    0x0003, 0x0003, 0x0003, 0x0003, 0x0001, 0x0080, 0x0080, 0x0080,
    0x0005, 0x0005, 0x0005, 0x0005, 0x0000, 0x0000, 0x0005, 0x0005,
    0x0003, 0x0003, 0x0003, 0x0003, 0x0000, 0x0080, 0x0080, 0x0080,
    0x0005, 0x0005, 0x0005, 0x0005, 0x0005, 0x0005, 0x0005, 0x0005,
    0x0003, 0x0003, 0x0003, 0x0003, 0x0003, 0x0080, 0x0080, 0x0080,
    0x0000, 0x0000, 0x0005, 0x0005, 0x0005, 0x0000, 0x0005, 0x0005,
    0x0003, 0x0003, 0x0003, 0x0003, 0x0001, 0x0080, 0x0080, 0x0000,
    ],
    [
    0x0008, 0x0008, 0x0008, 0x0008, 0x0008, 0x0008, 0x0008, 0x0008,
    0x0008, 0x0008, 0x0008, 0x3200, 0x0A00, 0x0A00, 0x3200, 0x3200,
    0x0040, 0x0040, 0x0040, 0x0040, 0x0040, 0x0040, 0x0040, 0x0040,
    0x0040, 0x0040, 0x0040, 0x0040, 0x0040, 0x0040, 0x0040, 0x0040,
    0x0040, 0x0040, 0x0040, 0x0040, 0x0040, 0x0040, 0x0040, 0x0040,
    0x3008, 0x3008, 0x3200, 0x3200, 0x3200, 0x3200, 0x3200, 0x0008,
    0x0040, 0x0040, 0x0040, 0x0040, 0x0040, 0x0040, 0x0040, 0x0040,
    0x0040, 0x0040, 0x0040, 0x0040, 0x1040, 0x0040, 0x0040, 0x0040,
    ],
    [
    0x0040, 0x0040, 0x0040, 0x0040, 0x0080, 0x0040, 0x0040, 0x0040,
    0x0040, 0x1040, 0x0040, 0x0040, 0x0040, 0x0040, 0x0040, 0x0040,
    0x0040, 0x0040, 0x0080, 0x0040, 0x0040, 0x0040, 0x0040, 0x0040,
    0x0040, 0x0040, 0x0040, 0x0040, 0x0040, 0x0040, 0x0040, 0x0008,
    0x3200, 0x3200, 0x3200, 0x3200, 0x3200, 0x3000, 0x3200, 0x3200,
    0x3200, 0x3200, 0x3200, 0x3200, 0x3200, 0x3200, 0x3200, 0x3200,
    0x0000, 0x0005, 0x0000, 0x0000, 0x0000, 0x0000, 0x0000, 0x0000,
    0x0000, 0x0000, 0x0080, 0x0080, 0x0080, 0x0040, 0x0040, 0x0005,
    ],
    [
    0x0000, 0x0000, 0x0000, 0x0000, 0x0000, 0x0000, 0x0000, 0x0000,
    0x0000, 0x0000, 0x0080, 0x0080, 0x0080, 0x0040, 0x0040, 0x0000,
    0x0005, 0x0005, 0x0005, 0x0005, 0x0005, 0x0005, 0x0005, 0x0005,
    0x0005, 0x0005, 0x0005, 0x0005, 0x0005, 0x0000, 0x0000, 0x0000,
    0x0080, 0x0080, 0x0080, 0x0080, 0x0080, 0x0080, 0x0080, 0x0080,
    0x0080, 0x0080, 0x0080, 0x0080, 0x0080, 0x0080, 0x0080, 0x0080,
    0x0080, 0x0080, 0x0080, 0x0080, 0x0080, 0x0080, 0x0080, 0x0080,
    0x0080, 0x0080, 0x0080, 0x0080, 0x0080, 0x0080, 0x0080, 0x0080,
    ],
    [
    0x0080, 0x0080, 0x0000, 0x0000, 0x0000, 0x0000, 0x0000, 0x0000,
    0x0000, 0x0000, 0x0000, 0x0000, 0x0000, 0x0000, 0x0000, 0x0000,
    0x0820, 0x0820, 0x0820, 0x0820, 0x0820, 0x0820, 0x0820, 0x0820,
    0x0820, 0x0820, 0x0820, 0x0820, 0x0820, 0x0820, 0x0820, 0x0820,
    0x0820, 0x0820, 0x0820, 0x0820, 0x0820, 0x0820, 0x0820, 0x0820,
    0x0820, 0x0820, 0x0820, 0x0820, 0x0820, 0x0820, 0x0820, 0x0820,
    0x0820, 0x0000, 0x0000, 0x0000, 0x0000, 0x0000, 0x0000, 0x0000,
    0x0000, 0x0000, 0x0000, 0x0000, 0x0000, 0x0000, 0x0000, 0x0000,
    ],
    [
    0x0080, 0x0080, 0x0003, 0x0080, 0x0080, 0x0080, 0x0080, 0x0003,
    0x0080, 0x0080, 0x0005, 0x0003, 0x0003, 0x0003, 0x0005, 0x0005,
    0x0003, 0x0003, 0x0003, 0x0005, 0x0080, 0x0003, 0x0080, 0x0080,
    0x0080, 0x0003, 0x0003, 0x0003, 0x0003, 0x0003, 0x0080, 0x0080,
    0x0080, 0x0080, 0x1080, 0x0080, 0x0003, 0x0080, 0x0003, 0x0080,
    0x0003, 0x0080, 0x0003, 0x0003, 0x0003, 0x0003, 0x0080, 0x0005,
    0x0003, 0x0003, 0x0003, 0x0003, 0x0005, 0x0001, 0x0001, 0x0001,
    0x0001, 0x1005, 0x0080, 0x0080, 0x0005, 0x0005, 0x0003, 0x0003,
    ],
    [
    0x0080, 0x0080, 0x0080, 0x0080, 0x0080, 0x0003, 0x0005, 0x0005,
    0x0005, 0x0005, 0x0080, 0x0080, 0x0080, 0x0080, 0x0005, 0x0080,
    0x0000, 0x0000, 0x0000, 0x0000, 0x0000, 0x0000, 0x0000, 0x0000,
    0x0000, 0x0000, 0x0000, 0x0000, 0x0000, 0x0000, 0x0000, 0x0000,
    0x0003, 0x0003, 0x0003, 0x0003, 0x0003, 0x0003, 0x0003, 0x0003,
    0x0003, 0x0003, 0x0003, 0x0003, 0x0003, 0x0003, 0x0003, 0x0003,
    0x0005, 0x0005, 0x0005, 0x0005, 0x0005, 0x0005, 0x0005, 0x0005,
    0x0005, 0x0005, 0x0005, 0x0005, 0x0005, 0x0005, 0x0005, 0x0005,
    ],
    [
    0x0001, 0x0001, 0x0001, 0x0003, 0x0005, 0x0001, 0x0001, 0x0001,
    0x0001, 0x0000, 0x0080, 0x0080, 0x0000, 0x0000, 0x0000, 0x0000,
    0x0080, 0x0080, 0x0080, 0x0080, 0x1080, 0x1080, 0x1080, 0x1080,
    0x1080, 0x1080, 0x0080, 0x0080, 0x0080, 0x0080, 0x0080, 0x0080,
    0x0080, 0x0080, 0x0080, 0x0080, 0x0080, 0x0080, 0x0080, 0x0080,
    0x0080, 0x1080, 0x1080, 0x0080, 0x0080, 0x0080, 0x0080, 0x0080,
    0x0080, 0x0080, 0x0080, 0x0080, 0x0080, 0x0080, 0x0080, 0x0080,
    0x0080, 0x0080, 0x0080, 0x0080, 0x0080, 0x0080, 0x0080, 0x0080,
    ],
    [
    0x0080, 0x0080, 0x0080, 0x0080, 0x0080, 0x0080, 0x0080, 0x0080,
    0x0080, 0x0080, 0x0080, 0x0080, 0x0080, 0x0080, 0x0080, 0x0080,
    0x0080, 0x0080, 0x0080, 0x0080, 0x0080, 0x0080, 0x0080, 0x0080,
    0x0080, 0x0080, 0x0080, 0x0080, 0x0080, 0x0080, 0x0080, 0x0080,
    0x0080, 0x0080, 0x0080, 0x0080, 0x0080, 0x0080, 0x0080, 0x0080,
    0x0080, 0x0080, 0x0080, 0x0080, 0x0080, 0x0080, 0x0080, 0x0080,
    0x0080, 0x0080, 0x0080, 0x0080, 0x0080, 0x0080, 0x0080, 0x0080,
    0x0080, 0x0080, 0x0080, 0x0080, 0x0080, 0x0080, 0x0080, 0x0080,
    ],
    [
    0x0080, 0x0080, 0x0080, 0x0080, 0x0080, 0x0080, 0x0080, 0x0080,
    0x0040, 0x0040, 0x0040, 0x0040, 0x0080, 0x0080, 0x0080, 0x0080,
    0x0080, 0x0080, 0x0080, 0x0080, 0x0080, 0x0080, 0x0080, 0x0080,
    0x0080, 0x0080, 0x1080, 0x1080, 0x0080, 0x0080, 0x0080, 0x0080,
    0x0080, 0x0080, 0x0080, 0x0080, 0x0080, 0x0080, 0x0080, 0x0080,
    0x1080, 0x0040, 0x0040, 0x0080, 0x0080, 0x0080, 0x0080, 0x0080,
    0x0080, 0x0080, 0x0080, 0x0080, 0x0080, 0x0080, 0x0080, 0x0080,
    0x0080, 0x0080, 0x0080, 0x0080, 0x0080, 0x0080, 0x0080, 0x0080,
    ],
    [
    0x0080, 0x0080, 0x0080, 0x0080, 0x0080, 0x0080, 0x0080, 0x0080,
    0x0080, 0x0080, 0x0080, 0x0080, 0x0080, 0x0080, 0x0080, 0x1080,
    0x0080, 0x0080, 0x0080, 0x0080, 0x0080, 0x0080, 0x0080, 0x0080,
    0x0080, 0x0080, 0x0080, 0x0080, 0x0080, 0x0080, 0x0080, 0x0080,
    0x0080, 0x0080, 0x0080, 0x0080, 0x0080, 0x0080, 0x0080, 0x0080,
    0x0080, 0x1080, 0x1080, 0x1080, 0x1080, 0x1080, 0x1080, 0x1080,
    0x1080, 0x1080, 0x1080, 0x1080, 0x0080, 0x0080, 0x0080, 0x0080,
    0x1080, 0x1080, 0x1080, 0x0080, 0x0080, 0x0080, 0x0080, 0x0080,
    ],
    [
    0x0080, 0x0080, 0x0080, 0x0080, 0x0080, 0x0080, 0x0080, 0x0080,
    0x0080, 0x0080, 0x0080, 0x0080, 0x0080, 0x0080, 0x0080, 0x0080,
    0x0080, 0x0080, 0x0080, 0x0080, 0x0080, 0x0080, 0x0080, 0x0080,
    0x0080, 0x0080, 0x0080, 0x0080, 0x0080, 0x0080, 0x0080, 0x0080,
    0x0080, 0x0080, 0x0080, 0x0080, 0x0080, 0x0080, 0x0080, 0x0080,
    0x0080, 0x0080, 0x0000, 0x0000, 0x0000, 0x0000, 0x0000, 0x0000,
    0x0000, 0x0000, 0x0000, 0x0000, 0x0000, 0x0000, 0x0000, 0x0000,
    0x0000, 0x0000, 0x0000, 0x0000, 0x0000, 0x0000, 0x0000, 0x0000,
    ],
    [
    0x0080, 0x0080, 0x0080, 0x0080, 0x0080, 0x0080, 0x0080, 0x0080,
    0x0080, 0x0080, 0x0080, 0x0000, 0x0000, 0x0000, 0x0000, 0x0000,
    0x0000, 0x0000, 0x0000, 0x0000, 0x0000, 0x0000, 0x0000, 0x0000,
    0x0000, 0x0000, 0x0000, 0x0000, 0x0000, 0x0000, 0x0000, 0x0000,
    0x0000, 0x0000, 0x0000, 0x0000, 0x0000, 0x0000, 0x0000, 0x0000,
    0x0000, 0x0000, 0x0000, 0x0000, 0x0000, 0x0000, 0x0000, 0x0000,
    0x0000, 0x0000, 0x0000, 0x0000, 0x0000, 0x0000, 0x0000, 0x0000,
    0x0000, 0x0000, 0x0000, 0x0000, 0x0000, 0x0000, 0x0000, 0x0000,
    ],
    [
    0x0000, 0x0000, 0x0000, 0x0000, 0x0000, 0x0000, 0x0000, 0x0000,
    0x0000, 0x0000, 0x0000, 0x0000, 0x0000, 0x0000, 0x0000, 0x0000,
    0x0000, 0x0000, 0x0000, 0x0000, 0x0000, 0x0000, 0x0000, 0x0000,
    0x0000, 0x0000, 0x0000, 0x0000, 0x0080, 0x0080, 0x0080, 0x0080,
    0x0080, 0x0080, 0x0080, 0x0080, 0x0080, 0x0080, 0x0080, 0x0080,
    0x0080, 0x0080, 0x0080, 0x0080, 0x0080, 0x0080, 0x0080, 0x0080,
    0x0080, 0x0080, 0x0080, 0x0080, 0x0080, 0x0080, 0x0083, 0x0083,
    0x0083, 0x0083, 0x0083, 0x0083, 0x0083, 0x0083, 0x0083, 0x0083,
    ],
    [
    0x0083, 0x0083, 0x1083, 0x0083, 0x0083, 0x0083, 0x0083, 0x0083,
    0x0083, 0x0083, 0x0083, 0x0083, 0x0083, 0x0083, 0x0083, 0x0083,
    0x0085, 0x0085, 0x0085, 0x0085, 0x0085, 0x0085, 0x0085, 0x0085,
    0x0085, 0x0085, 0x0085, 0x0085, 0x0085, 0x0085, 0x0085, 0x0085,
    0x0085, 0x0085, 0x0085, 0x0085, 0x0085, 0x0085, 0x0085, 0x0085,
    0x0085, 0x0085, 0x0000, 0x0000, 0x0000, 0x0000, 0x0000, 0x0000,
    0x0000, 0x0000, 0x0000, 0x0000, 0x0000, 0x0000, 0x0000, 0x0000,
    0x0000, 0x0000, 0x0000, 0x0000, 0x0000, 0x0000, 0x0000, 0x0000,
    ],
    [
    0x0080, 0x0080, 0x0080, 0x0080, 0x0080, 0x0080, 0x0080, 0x0080,
    0x0080, 0x0080, 0x0080, 0x0080, 0x0080, 0x0080, 0x0080, 0x0080,
    0x0080, 0x0080, 0x0080, 0x0080, 0x0080, 0x0080, 0x0080, 0x0080,
    0x0080, 0x0080, 0x0080, 0x0080, 0x0080, 0x0080, 0x0080, 0x0080,
    0x0080, 0x0080, 0x0080, 0x0080, 0x0080, 0x0080, 0x0080, 0x0080,
    0x0080, 0x0080, 0x1080, 0x1080, 0x0080, 0x0080, 0x0080, 0x0080,
    0x0080, 0x0080, 0x0080, 0x0080, 0x0080, 0x0080, 0x1080, 0x0080,
    0x0080, 0x0080, 0x0080, 0x0080, 0x0080, 0x0080, 0x0080, 0x0080,
    ],
    [
    0x1080, 0x0080, 0x0080, 0x0080, 0x0080, 0x0080, 0x0080, 0x0080,
    0x0080, 0x0080, 0x0080, 0x0080, 0x0080, 0x0080, 0x0080, 0x0080,
    0x0080, 0x0080, 0x0080, 0x0080, 0x0080, 0x0080, 0x0080, 0x0080,
    0x0080, 0x0080, 0x0080, 0x0080, 0x0080, 0x0080, 0x0080, 0x0080,
    0x0080, 0x0080, 0x0080, 0x0080, 0x0080, 0x0080, 0x0080, 0x0080,
    0x0080, 0x0080, 0x0080, 0x0080, 0x0080, 0x0080, 0x0080, 0x0080,
    0x0080, 0x0080, 0x0080, 0x0080, 0x0080, 0x0080, 0x0080, 0x0080,
    0x0080, 0x0080, 0x0080, 0x1080, 0x1080, 0x1080, 0x1080, 0x0080,
    ],
    [
    0x1080, 0x1080, 0x1080, 0x1080, 0x1080, 0x0080, 0x0080, 0x0080,
    0x0080, 0x0080, 0x0080, 0x0080, 0x0080, 0x0080, 0x1080, 0x0080,
    0x0080, 0x1080, 0x0080, 0x0080, 0x1080, 0x1080, 0x0080, 0x0080,
    0x1080, 0x0080, 0x0080, 0x0080, 0x0080, 0x1080, 0x0080, 0x0080,
    0x1080, 0x0080, 0x1080, 0x1080, 0x0080, 0x0080, 0x1080, 0x0080,
    0x0080, 0x0080, 0x1080, 0x0080, 0x0080, 0x0080, 0x1080, 0x1080,
    0x0080, 0x0080, 0x0080, 0x0080, 0x0080, 0x0080, 0x0080, 0x0080,
    0x1080, 0x1080, 0x1080, 0x0080, 0x0080, 0x0080, 0x0080, 0x0080,
    ],
    [
    0x1080, 0x0080, 0x1080, 0x0080, 0x0080, 0x0080, 0x0080, 0x0080,
    0x1080, 0x1080, 0x1080, 0x1080, 0x1080, 0x1080, 0x1080, 0x1080,
    0x1080, 0x1080, 0x1080, 0x1080, 0x0080, 0x0080, 0x0080, 0x0080,
    0x0080, 0x0080, 0x0080, 0x0080, 0x0080, 0x0080, 0x0080, 0x1080,
    0x1080, 0x0080, 0x0080, 0x1080, 0x0080, 0x1080, 0x1080, 0x0080,
    0x1080, 0x0080, 0x0080, 0x0080, 0x0080, 0x0080, 0x0080, 0x0080,
    0x0080, 0x0080, 0x0080, 0x0080, 0x0080, 0x0080, 0x0080, 0x0080,
    0x0080, 0x0080, 0x0080, 0x1080, 0x0080, 0x0080, 0x1080, 0x1080,
    ],
    [
    0x0080, 0x0080, 0x0080, 0x0080, 0x0080, 0x0080, 0x0080, 0x0080,
    0x0080, 0x0080, 0x0080, 0x0080, 0x0080, 0x0080, 0x0080, 0x0080,
    0x0080, 0x0080, 0x1080, 0x1080, 0x1080, 0x1080, 0x1080, 0x1080,
    0x0080, 0x1080, 0x0080, 0x1080, 0x1080, 0x0080, 0x0080, 0x0080,
    0x1080, 0x1080, 0x0080, 0x0080, 0x0080, 0x0080, 0x0080, 0x1080,
    0x0080, 0x0080, 0x1080, 0x1080, 0x0080, 0x0080, 0x0080, 0x0080,
    0x1080, 0x1080, 0x0080, 0x0080, 0x0080, 0x0080, 0x0080, 0x0080,
    0x0080, 0x0080, 0x0080, 0x0080, 0x0080, 0x1080, 0x1080, 0x0080,
    ],
    [
    0x0080, 0x0080, 0x0080, 0x0080, 0x1080, 0x1080, 0x0080, 0x0080,
    0x1080, 0x0080, 0x0080, 0x0080, 0x0080, 0x0080, 0x1080, 0x1080,
    0x0080, 0x1080, 0x0080, 0x1080, 0x1080, 0x0080, 0x0080, 0x0080,
    0x0080, 0x0080, 0x0080, 0x0080, 0x0080, 0x0080, 0x0080, 0x0080,
    0x0080, 0x0080, 0x0080, 0x0080, 0x0080, 0x0080, 0x0080, 0x0080,
    0x0080, 0x1080, 0x1080, 0x0080, 0x0080, 0x0080, 0x0080, 0x0080,
    0x1080, 0x1080, 0x1080, 0x1080, 0x1080, 0x1080, 0x0080, 0x1080,
    0x1080, 0x1080, 0x1080, 0x0080, 0x0080, 0x1080, 0x0080, 0x0080,
    ],
    [
    0x0080, 0x0080, 0x1080, 0x0080, 0x0080, 0x1080, 0x0080, 0x0080,
    0x1080, 0x1080, 0x1080, 0x1080, 0x1080, 0x1080, 0x0080, 0x1080,
    0x0080, 0x0080, 0x1080, 0x0080, 0x1080, 0x0080, 0x1080, 0x0080,
    0x0080, 0x0080, 0x0080, 0x0080, 0x0080, 0x1080, 0x0080, 0x0080,
    0x0080, 0x1080, 0x0080, 0x0080, 0x0080, 0x0080, 0x0080, 0x0080,
    0x1080, 0x0080, 0x0080, 0x0080, 0x0080, 0x0080, 0x0080, 0x0080,
    0x0080, 0x0080, 0x0080, 0x1080, 0x1080, 0x0080, 0x0080, 0x0080,
    0x0080, 0x0080, 0x0080, 0x0080, 0x0080, 0x0080, 0x0080, 0x0080,
    ],
    [
    0x0080, 0x0080, 0x0080, 0x0080, 0x1080, 0x0080, 0x0080, 0x1080,
    0x0080, 0x0080, 0x0080, 0x0080, 0x1080, 0x0080, 0x1080, 0x0080,
    0x0080, 0x0080, 0x0080, 0x1080, 0x1080, 0x1080, 0x0080, 0x1080,
    0x0080, 0x0080, 0x0080, 0x0080, 0x0080, 0x0080, 0x0080, 0x0080,
    0x0080, 0x0080, 0x0080, 0x1080, 0x1080, 0x0080, 0x0080, 0x0080,
    0x0040, 0x0040, 0x0040, 0x0040, 0x0040, 0x0040, 0x0040, 0x0040,
    0x0040, 0x0040, 0x0040, 0x0040, 0x0040, 0x0040, 0x0000, 0x0000,
    0x0000, 0x0000, 0x0000, 0x0000, 0x0000, 0x0000, 0x0000, 0x0000,
    ],
    [
    0x0000, 0x0000, 0x0000, 0x0000, 0x0000, 0x0000, 0x0000, 0x0000,
    0x0000, 0x0000, 0x0000, 0x0000, 0x0000, 0x0000, 0x0000, 0x0000,
    0x0000, 0x0000, 0x0000, 0x0000, 0x0080, 0x1080, 0x1080, 0x1080,
    0x0080, 0x0080, 0x0080, 0x0080, 0x0080, 0x0080, 0x0080, 0x0080,
    0x0080, 0x1080, 0x0080, 0x0080, 0x0080, 0x0080, 0x0080, 0x0080,
    0x0080, 0x0080, 0x0080, 0x0080, 0x0080, 0x0080, 0x0080, 0x0080,
    0x1080, 0x0080, 0x0080, 0x0080, 0x0080, 0x0080, 0x0080, 0x0080,
    0x0080, 0x0080, 0x0080, 0x0080, 0x0080, 0x0080, 0x0080, 0x1080,
    ],
    [
    0x0080, 0x0080, 0x0080, 0x0080, 0x0080, 0x0040, 0x0040, 0x0080,
    0x0080, 0x0080, 0x0080, 0x0080, 0x0080, 0x0080, 0x0080, 0x0080,
    0x0080, 0x0080, 0x0080, 0x0080, 0x0080, 0x0080, 0x0080, 0x0080,
    0x0080, 0x0080, 0x0080, 0x0080, 0x0080, 0x0080, 0x0080, 0x0080,
    0x0080, 0x0080, 0x0080, 0x0080, 0x0080, 0x0080, 0x0040, 0x0040,
    0x0040, 0x0040, 0x0040, 0x0040, 0x0040, 0x0040, 0x0040, 0x0040,
    0x0080, 0x0080, 0x0080, 0x0080, 0x0080, 0x0080, 0x0080, 0x0080,
    0x0080, 0x0080, 0x0080, 0x0080, 0x0080, 0x0080, 0x0080, 0x0080,
    ],
    [
    0x0080, 0x0080, 0x0080, 0x0080, 0x0080, 0x0080, 0x0080, 0x0080,
    0x0080, 0x0080, 0x0080, 0x0080, 0x0080, 0x0080, 0x0080, 0x0080,
    0x0080, 0x0080, 0x0080, 0x0080, 0x0080, 0x0080, 0x0080, 0x0080,
    0x0080, 0x0080, 0x0080, 0x0080, 0x0080, 0x0080, 0x0080, 0x0080,
    0x0080, 0x0080, 0x0080, 0x0080, 0x0080, 0x0080, 0x0080, 0x0080,
    0x0080, 0x0080, 0x0080, 0x0080, 0x0080, 0x0080, 0x0080, 0x0080,
    0x0080, 0x0080, 0x0080, 0x0080, 0x1080, 0x1080, 0x0080, 0x0080,
    0x0080, 0x0080, 0x0080, 0x0080, 0x0080, 0x0080, 0x0080, 0x0080,
    ],
    [
    0x0080, 0x0080, 0x0080, 0x0040, 0x0040, 0x0040, 0x0040, 0x0040,
    0x0040, 0x0040, 0x0040, 0x0040, 0x0040, 0x0040, 0x0040, 0x0040,
    0x0040, 0x0040, 0x0040, 0x0040, 0x0040, 0x0040, 0x0040, 0x0040,
    0x0040, 0x0080, 0x0080, 0x0080, 0x0080, 0x0080, 0x0080, 0x0080,
    0x0080, 0x0080, 0x0080, 0x0080, 0x0080, 0x0080, 0x0080, 0x0080,
    0x0080, 0x0080, 0x0080, 0x0080, 0x0080, 0x0080, 0x0080, 0x0080,
    0x0080, 0x0080, 0x0080, 0x0080, 0x0080, 0x0080, 0x0080, 0x0080,
    0x0080, 0x0080, 0x0080, 0x0080, 0x0080, 0x0080, 0x0080, 0x0080,
    ],
    [
    0x0080, 0x0080, 0x0080, 0x0080, 0x0080, 0x0080, 0x0080, 0x0080,
    0x0080, 0x0080, 0x0080, 0x0080, 0x0080, 0x0080, 0x0080, 0x0080,
    0x0080, 0x0080, 0x0080, 0x0080, 0x0080, 0x0080, 0x0080, 0x0080,
    0x0040, 0x0040, 0x0040, 0x0040, 0x0080, 0x0080, 0x0080, 0x0080,
    0x0080, 0x0080, 0x0080, 0x0080, 0x0080, 0x0080, 0x0080, 0x0080,
    0x0080, 0x0080, 0x0080, 0x0080, 0x0080, 0x0080, 0x0080, 0x0080,
    0x0080, 0x0080, 0x0080, 0x0080, 0x0080, 0x0080, 0x0080, 0x0080,
    0x0080, 0x0080, 0x0080, 0x0080, 0x0040, 0x0040, 0x0080, 0x0080,
    ],
    [
    0x0080, 0x0080, 0x0080, 0x0080, 0x0080, 0x1080, 0x1080, 0x1080,
    0x0080, 0x0080, 0x0080, 0x0080, 0x0080, 0x0080, 0x0080, 0x0080,
    0x0080, 0x0080, 0x0080, 0x0080, 0x0080, 0x0080, 0x0080, 0x0080,
    0x0080, 0x0080, 0x0080, 0x1080, 0x1080, 0x0080, 0x0080, 0x0080,
    0x0080, 0x0080, 0x0080, 0x0080, 0x0080, 0x0080, 0x0080, 0x0080,
    0x0080, 0x0080, 0x0080, 0x0080, 0x0080, 0x0080, 0x0080, 0x0080,
    0x0080, 0x0080, 0x0080, 0x0080, 0x0080, 0x0080, 0x0080, 0x0080,
    0x0080, 0x0080, 0x0080, 0x0080, 0x0080, 0x0080, 0x0080, 0x0080,
    ],
    [
    0x0080, 0x0080, 0x0080, 0x0080, 0x0080, 0x0080, 0x0080, 0x0080,
    0x0080, 0x0080, 0x0080, 0x0080, 0x0080, 0x0080, 0x0080, 0x0080,
    0x1080, 0x0080, 0x0080, 0x0080, 0x0080, 0x1080, 0x0080, 0x0080,
    0x0080, 0x0080, 0x0080, 0x0080, 0x0080, 0x0080, 0x0080, 0x0080,
    0x0080, 0x0080, 0x0080, 0x0080, 0x0080, 0x0080, 0x0080, 0x0080,
    0x0080, 0x0080, 0x0080, 0x0080, 0x0080, 0x0080, 0x0080, 0x0080,
    0x0080, 0x0080, 0x0080, 0x0080, 0x0000, 0x0000, 0x0080, 0x0080,
    0x0080, 0x0080, 0x0080, 0x0080, 0x0080, 0x0080, 0x0080, 0x0080,
    ],
    [
    0x0005, 0x0005, 0x0005, 0x0005, 0x0005, 0x0005, 0x0005, 0x0005,
    0x0005, 0x0005, 0x0005, 0x0005, 0x0005, 0x0005, 0x0005, 0x0005,
    0x0005, 0x0005, 0x0005, 0x0005, 0x0005, 0x0005, 0x0005, 0x0005,
    0x0005, 0x0005, 0x0005, 0x0005, 0x0005, 0x0005, 0x0005, 0x0005,
    0x0003, 0x0005, 0x0003, 0x0003, 0x0003, 0x0005, 0x0005, 0x0003,
    0x0005, 0x0003, 0x0005, 0x0003, 0x0005, 0x0003, 0x0003, 0x0003,
    0x0003, 0x0005, 0x0003, 0x0005, 0x0005, 0x0003, 0x0005, 0x0005,
    0x0005, 0x0005, 0x0005, 0x0005, 0x0005, 0x0005, 0x0003, 0x0003,
    ],
    [
    0x0003, 0x0005, 0x0003, 0x0005, 0x0003, 0x0005, 0x0003, 0x0005,
    0x0003, 0x0005, 0x0003, 0x0005, 0x0003, 0x0005, 0x0003, 0x0005,
    0x0003, 0x0005, 0x0003, 0x0005, 0x0003, 0x0005, 0x0003, 0x0005,
    0x0003, 0x0005, 0x0003, 0x0005, 0x0003, 0x0005, 0x0003, 0x0005,
    0x0003, 0x0005, 0x0003, 0x0005, 0x0005, 0x0080, 0x0080, 0x0080,
    0x0080, 0x0080, 0x0080, 0x0003, 0x0005, 0x0003, 0x0005, 0x0820,
    0x0820, 0x0820, 0x0003, 0x0005, 0x0000, 0x0000, 0x0000, 0x0000,
    0x0000, 0x0040, 0x0040, 0x0040, 0x0040, 0x0000, 0x0040, 0x0040,
    ],
    [
    0x0005, 0x0005, 0x0005, 0x0005, 0x0005, 0x0005, 0x0005, 0x0005,
    0x0005, 0x0005, 0x0005, 0x0005, 0x0005, 0x0005, 0x0005, 0x0005,
    0x0005, 0x0005, 0x0005, 0x0005, 0x0005, 0x0005, 0x0005, 0x0005,
    0x0005, 0x0005, 0x0005, 0x0005, 0x0005, 0x0005, 0x0005, 0x0005,
    0x0005, 0x0005, 0x0005, 0x0005, 0x0005, 0x0005, 0x0000, 0x0005,
    0x0000, 0x0000, 0x0000, 0x0000, 0x0000, 0x0005, 0x0000, 0x0000,
    0x0001, 0x0001, 0x0001, 0x0001, 0x0001, 0x0001, 0x0001, 0x0001,
    0x0001, 0x0001, 0x0001, 0x0001, 0x0001, 0x0001, 0x0001, 0x0001,
    ],
    [
    0x0001, 0x0001, 0x0001, 0x0001, 0x0001, 0x0001, 0x0001, 0x0001,
    0x0001, 0x0001, 0x0001, 0x0001, 0x0001, 0x0001, 0x0001, 0x0001,
    0x0001, 0x0001, 0x0001, 0x0001, 0x0001, 0x0001, 0x0001, 0x0001,
    0x0001, 0x0001, 0x0001, 0x0001, 0x0001, 0x0001, 0x0001, 0x0001,
    0x0001, 0x0001, 0x0001, 0x0001, 0x0001, 0x0001, 0x0001, 0x0001,
    0x0000, 0x0000, 0x0000, 0x0000, 0x0000, 0x0000, 0x0000, 0x0001,
    0x0040, 0x0000, 0x0000, 0x0000, 0x0000, 0x0000, 0x0000, 0x0000,
    0x0000, 0x0000, 0x0000, 0x0000, 0x0000, 0x0000, 0x0000, 0x0820,
    ],
    [
    0x0001, 0x0001, 0x0001, 0x0001, 0x0001, 0x0001, 0x0001, 0x0001,
    0x0001, 0x0001, 0x0001, 0x0001, 0x0001, 0x0001, 0x0001, 0x0001,
    0x0001, 0x0001, 0x0001, 0x0001, 0x0001, 0x0001, 0x0001, 0x0000,
    0x0000, 0x0000, 0x0000, 0x0000, 0x0000, 0x0000, 0x0000, 0x0000,
    0x0001, 0x0001, 0x0001, 0x0001, 0x0001, 0x0001, 0x0001, 0x0000,
    0x0001, 0x0001, 0x0001, 0x0001, 0x0001, 0x0001, 0x0001, 0x0000,
    0x0001, 0x0001, 0x0001, 0x0001, 0x0001, 0x0001, 0x0001, 0x0000,
    0x0001, 0x0001, 0x0001, 0x0001, 0x0001, 0x0001, 0x0001, 0x0000,
    ],
    [
    0x0001, 0x0001, 0x0001, 0x0001, 0x0001, 0x0001, 0x0001, 0x0000,
    0x0001, 0x0001, 0x0001, 0x0001, 0x0001, 0x0001, 0x0001, 0x0000,
    0x0001, 0x0001, 0x0001, 0x0001, 0x0001, 0x0001, 0x0001, 0x0000,
    0x0001, 0x0001, 0x0001, 0x0001, 0x0001, 0x0001, 0x0001, 0x0000,
    0x0821, 0x0821, 0x0821, 0x0821, 0x0821, 0x0821, 0x0821, 0x0821,
    0x0821, 0x0821, 0x0821, 0x0821, 0x0821, 0x0821, 0x0821, 0x0821,
    0x0821, 0x0821, 0x0821, 0x0821, 0x0821, 0x0821, 0x0821, 0x0821,
    0x0821, 0x0821, 0x0821, 0x0821, 0x0821, 0x0821, 0x0821, 0x0821,
    ],
    [
    0x0040, 0x0040, 0x0040, 0x0040, 0x0040, 0x0040, 0x0040, 0x0040,
    0x0040, 0x0040, 0x0040, 0x0040, 0x0040, 0x0040, 0x0040, 0x0040,
    0x0040, 0x0040, 0x0040, 0x0040, 0x0040, 0x0040, 0x0040, 0x0040,
    0x0040, 0x0040, 0x0040, 0x0040, 0x0040, 0x0040, 0x0040, 0x0040,
    0x0040, 0x0040, 0x0040, 0x0040, 0x0040, 0x0040, 0x0040, 0x0040,
    0x0040, 0x0040, 0x0040, 0x0040, 0x0040, 0x0040, 0x0040, 0x0001,
    0x0040, 0x0040, 0x0040, 0x0040, 0x0040, 0x0040, 0x0040, 0x0040,
    0x0040, 0x0040, 0x0040, 0x0040, 0x0040, 0x0040, 0x0040, 0x0040,
    ],
    [
    0x0040, 0x0040, 0x0040, 0x0040, 0x0040, 0x0040, 0x0040, 0x0040,
    0x0040, 0x0040, 0x0040, 0x0040, 0x0040, 0x0040, 0x0040, 0x0040,
    0x0080, 0x0080, 0x0040, 0x0040, 0x0040, 0x0040, 0x0040, 0x0040,
    0x0040, 0x0040, 0x0040, 0x0040, 0x0040, 0x0040, 0x0000, 0x0000,
    0x0000, 0x0000, 0x0000, 0x0000, 0x0000, 0x0000, 0x0000, 0x0000,
    0x0000, 0x0000, 0x0000, 0x0000, 0x0000, 0x0000, 0x0000, 0x0000,
    0x0000, 0x0000, 0x0000, 0x0000, 0x0000, 0x0000, 0x0000, 0x0000,
    0x0000, 0x0000, 0x0000, 0x0000, 0x0000, 0x0000, 0x0000, 0x0000,
    ],
    [
    0x0080, 0x0080, 0x0080, 0x0080, 0x0080, 0x0080, 0x0080, 0x0080,
    0x0080, 0x0080, 0x0080, 0x0080, 0x0080, 0x0080, 0x0080, 0x0080,
    0x0080, 0x0080, 0x0080, 0x0080, 0x0080, 0x0080, 0x0080, 0x0080,
    0x0080, 0x0080, 0x0000, 0x0080, 0x0080, 0x0080, 0x0080, 0x0080,
    0x0080, 0x0080, 0x0080, 0x0080, 0x0080, 0x0080, 0x0080, 0x0080,
    0x0080, 0x0080, 0x0080, 0x0080, 0x0080, 0x0080, 0x0080, 0x0080,
    0x0080, 0x0080, 0x0080, 0x0080, 0x0080, 0x0080, 0x0080, 0x0080,
    0x0080, 0x0080, 0x0080, 0x0080, 0x0080, 0x0080, 0x0080, 0x0080,
    ],
    [
    0x0080, 0x0080, 0x0080, 0x0080, 0x0080, 0x0080, 0x0080, 0x0080,
    0x0080, 0x0080, 0x0080, 0x0080, 0x0080, 0x0080, 0x0080, 0x0080,
    0x0080, 0x0080, 0x0080, 0x0080, 0x0080, 0x0080, 0x0080, 0x0080,
    0x0080, 0x0080, 0x0080, 0x0080, 0x0080, 0x0080, 0x0080, 0x0080,
    0x0080, 0x0080, 0x0080, 0x0080, 0x0080, 0x0080, 0x0080, 0x0080,
    0x0080, 0x0080, 0x0080, 0x0080, 0x0080, 0x0080, 0x0080, 0x0080,
    0x0080, 0x0080, 0x0080, 0x0080, 0x0000, 0x0000, 0x0000, 0x0000,
    0x0000, 0x0000, 0x0000, 0x0000, 0x0000, 0x0000, 0x0000, 0x0000,
    ],
    [
    0x0080, 0x0080, 0x0080, 0x0080, 0x0080, 0x0080, 0x0080, 0x0080,
    0x0080, 0x0080, 0x0080, 0x0080, 0x0080, 0x0080, 0x0080, 0x0080,
    0x0080, 0x0080, 0x0080, 0x0080, 0x0080, 0x0080, 0x0000, 0x0000,
    0x0000, 0x0000, 0x0000, 0x0000, 0x0000, 0x0000, 0x0000, 0x0000,
    0x0000, 0x0000, 0x0000, 0x0000, 0x0000, 0x0000, 0x0000, 0x0000,
    0x0000, 0x0000, 0x0000, 0x0000, 0x0000, 0x0000, 0x0000, 0x0000,
    0x0080, 0x0080, 0x0080, 0x0080, 0x0080, 0x0080, 0x0080, 0x0080,
    0x0080, 0x0080, 0x0080, 0x0080, 0x0080, 0x0080, 0x0080, 0x0080,
    ],
    [
    0x0008, 0x0040, 0x0040, 0x0040, 0x0080, 0x0001, 0x0001, 0x0001,
    0x0040, 0x0040, 0x0040, 0x0040, 0x0040, 0x0040, 0x0040, 0x0040,
    0x0040, 0x0040, 0x0080, 0x0080, 0x0040, 0x0040, 0x0040, 0x0040,
    0x0040, 0x0040, 0x0040, 0x0040, 0x0040, 0x0040, 0x0040, 0x0040,
    0x0080, 0x0001, 0x0001, 0x0001, 0x0001, 0x0001, 0x0001, 0x0001,
    0x0001, 0x0001, 0x0820, 0x0820, 0x0820, 0x0820, 0x0820, 0x0820,
    0x1040, 0x0001, 0x0001, 0x0001, 0x0001, 0x0001, 0x0080, 0x0080,
    0x0001, 0x0001, 0x0001, 0x0001, 0x0001, 0x1040, 0x0080, 0x0080,
    ],
    [
    0x0000, 0x0001, 0x0001, 0x0001, 0x0001, 0x0001, 0x0001, 0x0001,
    0x0001, 0x0001, 0x0001, 0x0001, 0x0001, 0x0001, 0x0001, 0x0001,
    0x0001, 0x0001, 0x0001, 0x0001, 0x0001, 0x0001, 0x0001, 0x0001,
    0x0001, 0x0001, 0x0001, 0x0001, 0x0001, 0x0001, 0x0001, 0x0001,
    0x0001, 0x0001, 0x0001, 0x0001, 0x0001, 0x0001, 0x0001, 0x0001,
    0x0001, 0x0001, 0x0001, 0x0001, 0x0001, 0x0001, 0x0001, 0x0001,
    0x0001, 0x0001, 0x0001, 0x0001, 0x0001, 0x0001, 0x0001, 0x0001,
    0x0001, 0x0001, 0x0001, 0x0001, 0x0001, 0x0001, 0x0001, 0x0001,
    ],
    [
    0x0001, 0x0001, 0x0001, 0x0001, 0x0001, 0x0001, 0x0001, 0x0001,
    0x0001, 0x0001, 0x0001, 0x0001, 0x0001, 0x0001, 0x0001, 0x0001,
    0x0001, 0x0001, 0x0001, 0x0001, 0x0001, 0x0001, 0x0001, 0x0000,
    0x0000, 0x0820, 0x0820, 0x0080, 0x0080, 0x0001, 0x0001, 0x0001,
    0x0040, 0x0001, 0x0001, 0x0001, 0x0001, 0x0001, 0x0001, 0x0001,
    0x0001, 0x0001, 0x0001, 0x0001, 0x0001, 0x0001, 0x0001, 0x0001,
    0x0001, 0x0001, 0x0001, 0x0001, 0x0001, 0x0001, 0x0001, 0x0001,
    0x0001, 0x0001, 0x0001, 0x0001, 0x0001, 0x0001, 0x0001, 0x0001,
    ],
    [
    0x0001, 0x0001, 0x0001, 0x0001, 0x0001, 0x0001, 0x0001, 0x0001,
    0x0001, 0x0001, 0x0001, 0x0001, 0x0001, 0x0001, 0x0001, 0x0001,
    0x0001, 0x0001, 0x0001, 0x0001, 0x0001, 0x0001, 0x0001, 0x0001,
    0x0001, 0x0001, 0x0001, 0x0001, 0x0001, 0x0001, 0x0001, 0x0001,
    0x0001, 0x0001, 0x0001, 0x0001, 0x0001, 0x0001, 0x0001, 0x0001,
    0x0001, 0x0001, 0x0001, 0x0001, 0x0001, 0x0001, 0x0001, 0x0001,
    0x0001, 0x0001, 0x0001, 0x0001, 0x0001, 0x0001, 0x0001, 0x0001,
    0x0001, 0x0001, 0x0001, 0x0040, 0x0001, 0x0001, 0x0001, 0x0001,
    ],
    [
    0x0000, 0x0000, 0x0000, 0x0000, 0x0000, 0x0001, 0x0001, 0x0001,
    0x0001, 0x0001, 0x0001, 0x0001, 0x0001, 0x0001, 0x0001, 0x0001,
    0x0001, 0x0001, 0x0001, 0x0001, 0x0001, 0x0001, 0x0001, 0x0001,
    0x0001, 0x0001, 0x0001, 0x0001, 0x0001, 0x0001, 0x0001, 0x0001,
    0x0001, 0x0001, 0x0001, 0x0001, 0x0001, 0x0001, 0x0001, 0x0001,
    0x0001, 0x0001, 0x0001, 0x0001, 0x0001, 0x0001, 0x0001, 0x0001,
    0x0000, 0x0001, 0x0001, 0x0001, 0x0001, 0x0001, 0x0001, 0x0001,
    0x0001, 0x0001, 0x0001, 0x0001, 0x0001, 0x0001, 0x0001, 0x0001,
    ],
    [
    0x0001, 0x0001, 0x0001, 0x0001, 0x0001, 0x0001, 0x0001, 0x0001,
    0x0001, 0x0001, 0x0001, 0x0001, 0x0001, 0x0001, 0x0001, 0x0000,
    0x0080, 0x0080, 0x0000, 0x0000, 0x0000, 0x0000, 0x0080, 0x0080,
    0x0080, 0x0080, 0x0080, 0x0080, 0x0080, 0x0080, 0x0080, 0x0080,
    0x0001, 0x0001, 0x0001, 0x0001, 0x0001, 0x0001, 0x0001, 0x0001,
    0x0001, 0x0001, 0x0001, 0x0001, 0x0001, 0x0001, 0x0001, 0x0001,
    0x0001, 0x0001, 0x0001, 0x0001, 0x0001, 0x0001, 0x0001, 0x0001,
    0x0001, 0x0001, 0x0001, 0x0001, 0x0001, 0x0001, 0x0001, 0x0001,
    ],
    [
    0x0080, 0x0080, 0x0080, 0x0080, 0x0080, 0x0080, 0x0080, 0x0080,
    0x0080, 0x0080, 0x0080, 0x0080, 0x0080, 0x0080, 0x0080, 0x0080,
    0x0080, 0x0080, 0x0080, 0x0080, 0x0080, 0x0080, 0x0080, 0x0080,
    0x0080, 0x0080, 0x0080, 0x0080, 0x0080, 0x0080, 0x0080, 0x0080,
    0x0080, 0x0080, 0x0080, 0x0080, 0x0080, 0x0080, 0x0000, 0x0000,
    0x0000, 0x0000, 0x0000, 0x0000, 0x0000, 0x0000, 0x0000, 0x0080,
    0x0001, 0x0001, 0x0001, 0x0001, 0x0001, 0x0001, 0x0001, 0x0001,
    0x0001, 0x0001, 0x0001, 0x0001, 0x0001, 0x0001, 0x0001, 0x0001,
    ],
    [
    0x0080, 0x0080, 0x0080, 0x0080, 0x0080, 0x0080, 0x0080, 0x0080,
    0x0080, 0x0080, 0x0080, 0x0080, 0x0080, 0x0080, 0x0080, 0x0080,
    0x0080, 0x0080, 0x0080, 0x0080, 0x0080, 0x0080, 0x0080, 0x0080,
    0x0080, 0x0080, 0x0080, 0x0080, 0x0080, 0x0080, 0x0080, 0x0000,
    0x0000, 0x0000, 0x0000, 0x0000, 0x0000, 0x0000, 0x0000, 0x0000,
    0x0000, 0x0000, 0x0080, 0x0080, 0x0080, 0x0080, 0x0080, 0x0080,
    0x0080, 0x0080, 0x0080, 0x0080, 0x0080, 0x0080, 0x0080, 0x0080,
    0x0080, 0x0080, 0x0080, 0x0080, 0x0080, 0x0080, 0x0080, 0x0080,
    ],
    [
    0x0080, 0x0080, 0x0080, 0x0080, 0x0080, 0x0080, 0x0080, 0x0080,
    0x0000, 0x0000, 0x0000, 0x0000, 0x0000, 0x0000, 0x0000, 0x0000,
    0x0080, 0x0000, 0x0000, 0x0000, 0x0000, 0x0000, 0x0000, 0x0000,
    0x0000, 0x0000, 0x0000, 0x0000, 0x0000, 0x0000, 0x0000, 0x0000,
    0x0080, 0x0080, 0x0080, 0x0080, 0x0080, 0x0080, 0x0080, 0x0080,
    0x0080, 0x0080, 0x0080, 0x0080, 0x0080, 0x0080, 0x0080, 0x0080,
    0x0080, 0x0080, 0x0080, 0x0080, 0x0080, 0x0080, 0x0080, 0x0080,
    0x0080, 0x0080, 0x0080, 0x0080, 0x0080, 0x0080, 0x0080, 0x0080,
    ],
    [
    0x0000, 0x0000, 0x0000, 0x0000, 0x0000, 0x0000, 0x0000, 0x0000,
    0x0000, 0x0000, 0x0080, 0x0080, 0x0080, 0x0080, 0x0080, 0x0080,
    0x0080, 0x0080, 0x0080, 0x0080, 0x0080, 0x0080, 0x0080, 0x1080,
    0x0080, 0x1080, 0x0080, 0x0080, 0x0080, 0x0080, 0x0080, 0x0080,
    0x0080, 0x0080, 0x0080, 0x0080, 0x0080, 0x0080, 0x0080, 0x0080,
    0x0080, 0x0080, 0x0080, 0x0080, 0x0080, 0x0080, 0x0080, 0x0080,
    0x0080, 0x0000, 0x0000, 0x0000, 0x0000, 0x0000, 0x0000, 0x0000,
    0x0000, 0x0000, 0x0000, 0x0000, 0x0000, 0x0000, 0x0000, 0x0000,
    ],
    [
    0x0001, 0x0001, 0x0001, 0x0001, 0x0001, 0x0001, 0x0001, 0x0001,
    0x0001, 0x0001, 0x0001, 0x0001, 0x0001, 0x0000, 0x0000, 0x0000,
    0x0080, 0x0080, 0x0080, 0x0080, 0x0080, 0x0080, 0x0080, 0x0080,
    0x0080, 0x0080, 0x0080, 0x0080, 0x0080, 0x0080, 0x0080, 0x0080,
    0x0080, 0x0080, 0x0080, 0x0080, 0x0080, 0x0080, 0x0080, 0x0080,
    0x0080, 0x0080, 0x0080, 0x0080, 0x0080, 0x0080, 0x0080, 0x0080,
    0x0080, 0x0080, 0x0080, 0x0080, 0x0080, 0x0080, 0x0080, 0x0080,
    0x0080, 0x0080, 0x0080, 0x0080, 0x0080, 0x0080, 0x0080, 0x0080,
    ],
    [
    0x0080, 0x0080, 0x0080, 0x0080, 0x0080, 0x0080, 0x0080, 0x0000,
    0x0000, 0x0000, 0x0000, 0x0000, 0x0000, 0x0000, 0x0000, 0x0000,
    0x0001, 0x0001, 0x0001, 0x0001, 0x0001, 0x0001, 0x0001, 0x0001,
    0x0001, 0x0001, 0x0001, 0x0001, 0x0001, 0x0001, 0x0001, 0x0001,
    0x0001, 0x0001, 0x0001, 0x0001, 0x0001, 0x0001, 0x0001, 0x0001,
    0x0001, 0x0001, 0x0001, 0x0001, 0x0001, 0x0001, 0x0001, 0x0001,
    0x0001, 0x0001, 0x0001, 0x0001, 0x0001, 0x0001, 0x0001, 0x0001,
    0x0001, 0x0001, 0x0001, 0x0001, 0x0001, 0x0001, 0x0040, 0x0040,
    ],
    [
    0x0001, 0x0001, 0x0001, 0x0001, 0x0001, 0x0001, 0x0001, 0x0001,
    0x0001, 0x0001, 0x0001, 0x0001, 0x0001, 0x0040, 0x0040, 0x0040,
    0x0001, 0x0001, 0x0001, 0x0001, 0x0001, 0x0001, 0x0001, 0x0001,
    0x0001, 0x0001, 0x0001, 0x0001, 0x0001, 0x0001, 0x0001, 0x0001,
    0x0010, 0x0010, 0x0010, 0x0010, 0x0010, 0x0010, 0x0010, 0x0010,
    0x0010, 0x0010, 0x0001, 0x0001, 0x0000, 0x0000, 0x0000, 0x0000,
    0x0000, 0x0000, 0x0000, 0x0000, 0x0000, 0x0000, 0x0000, 0x0000,
    0x0000, 0x0000, 0x0000, 0x0000, 0x0000, 0x0000, 0x0000, 0x0000,
    ],
    [
    0x0003, 0x0005, 0x0003, 0x0005, 0x0003, 0x0005, 0x0003, 0x0005,
    0x0003, 0x0005, 0x0003, 0x0005, 0x0003, 0x0005, 0x0003, 0x0005,
    0x0003, 0x0005, 0x0003, 0x0005, 0x0003, 0x0005, 0x0003, 0x0005,
    0x0003, 0x0005, 0x0003, 0x0005, 0x0003, 0x0005, 0x0003, 0x0005,
    0x0003, 0x0005, 0x0003, 0x0005, 0x0003, 0x0005, 0x0003, 0x0005,
    0x0003, 0x0005, 0x0003, 0x0005, 0x0003, 0x0005, 0x0001, 0x0820,
    0x0820, 0x0820, 0x0820, 0x0040, 0x0821, 0x0821, 0x0821, 0x0821,
    0x0821, 0x0821, 0x0821, 0x0821, 0x0820, 0x0820, 0x0040, 0x0001,
    ],
    [
    0x0003, 0x0005, 0x0003, 0x0005, 0x0003, 0x0005, 0x0003, 0x0005,
    0x0003, 0x0005, 0x0003, 0x0005, 0x0003, 0x0005, 0x0003, 0x0005,
    0x0003, 0x0005, 0x0003, 0x0005, 0x0003, 0x0005, 0x0003, 0x0005,
    0x0003, 0x0005, 0x0003, 0x0005, 0x0005, 0x0005, 0x0821, 0x0821,
    0x0001, 0x0001, 0x0001, 0x0001, 0x0001, 0x0001, 0x0001, 0x0001,
    0x0001, 0x0001, 0x0001, 0x0001, 0x0001, 0x0001, 0x0001, 0x0001,
    0x0001, 0x0001, 0x0001, 0x0001, 0x0001, 0x0001, 0x0001, 0x0001,
    0x0001, 0x0001, 0x0001, 0x0001, 0x0001, 0x0001, 0x0001, 0x0001,
    ],
    [
    0x0001, 0x0001, 0x0001, 0x0001, 0x0001, 0x0001, 0x0001, 0x0001,
    0x0001, 0x0001, 0x0001, 0x0001, 0x0001, 0x0001, 0x0001, 0x0001,
    0x0001, 0x0001, 0x0001, 0x0001, 0x0001, 0x0001, 0x0001, 0x0001,
    0x0001, 0x0001, 0x0001, 0x0001, 0x0001, 0x0001, 0x0001, 0x0001,
    0x0001, 0x0001, 0x0001, 0x0001, 0x0001, 0x0001, 0x0001, 0x0001,
    0x0001, 0x0001, 0x0001, 0x0001, 0x0001, 0x0001, 0x0001, 0x0001,
    0x0820, 0x0820, 0x0040, 0x0040, 0x0040, 0x0040, 0x0040, 0x0040,
    0x0000, 0x0000, 0x0000, 0x0000, 0x0000, 0x0000, 0x0000, 0x0000,
    ],
    [
    0x0080, 0x0080, 0x0080, 0x0080, 0x0080, 0x0080, 0x0080, 0x0080,
    0x0080, 0x0080, 0x0080, 0x0080, 0x0080, 0x0080, 0x0080, 0x0080,
    0x0080, 0x0080, 0x0080, 0x0080, 0x0080, 0x0080, 0x0080, 0x0001,
    0x0001, 0x0001, 0x0001, 0x0001, 0x0001, 0x0001, 0x0001, 0x0001,
    0x0080, 0x0080, 0x0003, 0x0005, 0x0003, 0x0005, 0x0003, 0x0005,
    0x0003, 0x0005, 0x0003, 0x0005, 0x0003, 0x0005, 0x0003, 0x0005,
    0x0005, 0x0005, 0x0003, 0x0005, 0x0003, 0x0005, 0x0003, 0x0005,
    0x0003, 0x0005, 0x0003, 0x0005, 0x0003, 0x0005, 0x0003, 0x0005,
    ],
    [
    0x0003, 0x0005, 0x0003, 0x0005, 0x0003, 0x0005, 0x0003, 0x0005,
    0x0003, 0x0005, 0x0003, 0x0005, 0x0003, 0x0005, 0x0003, 0x0005,
    0x0003, 0x0005, 0x0003, 0x0005, 0x0003, 0x0005, 0x0003, 0x0005,
    0x0003, 0x0005, 0x0003, 0x0005, 0x0003, 0x0005, 0x0003, 0x0005,
    0x0003, 0x0005, 0x0003, 0x0005, 0x0003, 0x0005, 0x0003, 0x0005,
    0x0003, 0x0005, 0x0003, 0x0005, 0x0003, 0x0005, 0x0003, 0x0005,
    0x0005, 0x0005, 0x0005, 0x0005, 0x0005, 0x0005, 0x0005, 0x0005,
    0x0005, 0x0003, 0x0005, 0x0003, 0x0005, 0x0003, 0x0003, 0x0005,
    ],
    [
    0x0003, 0x0005, 0x0003, 0x0005, 0x0003, 0x0005, 0x0003, 0x0005,
    0x0001, 0x0080, 0x0080, 0x0003, 0x0005, 0x0003, 0x0005, 0x0001,
    0x0003, 0x0005, 0x0003, 0x0005, 0x0005, 0x0005, 0x0003, 0x0005,
    0x0003, 0x0005, 0x0003, 0x0005, 0x0003, 0x0005, 0x0003, 0x0005,
    0x0003, 0x0005, 0x0003, 0x0005, 0x0003, 0x0005, 0x0003, 0x0005,
    0x0003, 0x0005, 0x0003, 0x0003, 0x0003, 0x0003, 0x0003, 0x0005,
    0x0003, 0x0003, 0x0003, 0x0003, 0x0003, 0x0005, 0x0003, 0x0005,
    0x0003, 0x0005, 0x0003, 0x0005, 0x0003, 0x0005, 0x0003, 0x0005,
    ],
    [
    0x0003, 0x0005, 0x0003, 0x0005, 0x0003, 0x0003, 0x0003, 0x0003,
    0x0005, 0x0003, 0x0005, 0x0003, 0x0003, 0x0005, 0x0003, 0x0005,
    0x0003, 0x0005, 0x0003, 0x0005, 0x0003, 0x0005, 0x0003, 0x0005,
    0x0003, 0x0005, 0x0003, 0x0005, 0x0003, 0x0000, 0x0000, 0x0000,
    0x0000, 0x0000, 0x0000, 0x0000, 0x0000, 0x0000, 0x0000, 0x0000,
    0x0000, 0x0000, 0x0000, 0x0000, 0x0000, 0x0000, 0x0000, 0x0000,
    0x0000, 0x0005, 0x0005, 0x0005, 0x0005, 0x0003, 0x0005, 0x0001,
    0x0005, 0x0005, 0x0005, 0x0001, 0x0001, 0x0001, 0x0001, 0x0001,
    ],
    [
    0x0001, 0x0001, 0x0821, 0x0001, 0x0001, 0x0001, 0x0820, 0x0001,
    0x0001, 0x0001, 0x0001, 0x0821, 0x0001, 0x0001, 0x0001, 0x0001,
    0x0001, 0x0001, 0x0001, 0x0001, 0x0001, 0x0001, 0x0001, 0x0001,
    0x0001, 0x0001, 0x0001, 0x0001, 0x0001, 0x0001, 0x0001, 0x0001,
    0x0001, 0x0001, 0x0001, 0x0821, 0x0821, 0x0821, 0x0821, 0x0821,
    0x0080, 0x0080, 0x0080, 0x0080, 0x0820, 0x0000, 0x0000, 0x0000,
    0x0000, 0x0000, 0x0000, 0x0000, 0x0000, 0x0000, 0x0080, 0x0080,
    0x0080, 0x0080, 0x0000, 0x0000, 0x0000, 0x0000, 0x0000, 0x0000,
    ],
    [
    0x0001, 0x0001, 0x0001, 0x0001, 0x0001, 0x0001, 0x0001, 0x0001,
    0x0001, 0x0001, 0x0001, 0x0001, 0x0001, 0x0001, 0x0001, 0x0001,
    0x0001, 0x0001, 0x0001, 0x0001, 0x0001, 0x0001, 0x0001, 0x0001,
    0x0001, 0x0001, 0x0001, 0x0001, 0x0001, 0x0001, 0x0001, 0x0001,
    0x0001, 0x0001, 0x0001, 0x0001, 0x0001, 0x0001, 0x0001, 0x0001,
    0x0001, 0x0001, 0x0001, 0x0001, 0x0001, 0x0001, 0x0001, 0x0001,
    0x0001, 0x0001, 0x0001, 0x0001, 0x0040, 0x0040, 0x0040, 0x0040,
    0x0000, 0x0000, 0x0000, 0x0000, 0x0000, 0x0000, 0x0000, 0x0000,
    ],
    [
    0x0821, 0x0821, 0x0001, 0x0001, 0x0001, 0x0001, 0x0001, 0x0001,
    0x0001, 0x0001, 0x0001, 0x0001, 0x0001, 0x0001, 0x0001, 0x0001,
    0x0001, 0x0001, 0x0001, 0x0001, 0x0001, 0x0001, 0x0001, 0x0001,
    0x0001, 0x0001, 0x0001, 0x0001, 0x0001, 0x0001, 0x0001, 0x0001,
    0x0001, 0x0001, 0x0001, 0x0001, 0x0001, 0x0001, 0x0001, 0x0001,
    0x0001, 0x0001, 0x0001, 0x0001, 0x0001, 0x0001, 0x0001, 0x0001,
    0x0001, 0x0001, 0x0001, 0x0001, 0x0821, 0x0821, 0x0821, 0x0821,
    0x0821, 0x0821, 0x0821, 0x0821, 0x0821, 0x0821, 0x0821, 0x0821,
    ],
    [
    0x0821, 0x0821, 0x0821, 0x0821, 0x0820, 0x0821, 0x0000, 0x0000,
    0x0000, 0x0000, 0x0000, 0x0000, 0x0000, 0x0000, 0x0040, 0x0040,
    0x0010, 0x0010, 0x0010, 0x0010, 0x0010, 0x0010, 0x0010, 0x0010,
    0x0010, 0x0010, 0x0000, 0x0000, 0x0000, 0x0000, 0x0000, 0x0000,
    0x0820, 0x0820, 0x0820, 0x0820, 0x0820, 0x0820, 0x0820, 0x0820,
    0x0820, 0x0820, 0x0820, 0x0820, 0x0820, 0x0820, 0x0820, 0x0820,
    0x0820, 0x0820, 0x0001, 0x0001, 0x0001, 0x0001, 0x0001, 0x0001,
    0x0040, 0x0040, 0x0040, 0x0001, 0x0040, 0x0001, 0x0001, 0x0821,
    ],
    [
    0x0010, 0x0010, 0x0010, 0x0010, 0x0010, 0x0010, 0x0010, 0x0010,
    0x0010, 0x0010, 0x0001, 0x0001, 0x0001, 0x0001, 0x0001, 0x0001,
    0x0001, 0x0001, 0x0001, 0x0001, 0x0001, 0x0001, 0x0001, 0x0001,
    0x0001, 0x0001, 0x0001, 0x0001, 0x0001, 0x0001, 0x0001, 0x0001,
    0x0001, 0x0001, 0x0001, 0x0001, 0x0001, 0x0001, 0x0821, 0x0821,
    0x0821, 0x0821, 0x0821, 0x0820, 0x0820, 0x0820, 0x0040, 0x0040,
    0x0001, 0x0001, 0x0001, 0x0001, 0x0001, 0x0001, 0x0001, 0x0001,
    0x0001, 0x0001, 0x0001, 0x0001, 0x0001, 0x0001, 0x0001, 0x0001,
    ],
    [
    0x0001, 0x0001, 0x0001, 0x0001, 0x0001, 0x0001, 0x0001, 0x0821,
    0x0821, 0x0821, 0x0821, 0x0821, 0x0821, 0x0821, 0x0821, 0x0821,
    0x0821, 0x0821, 0x0821, 0x0820, 0x0000, 0x0000, 0x0000, 0x0000,
    0x0000, 0x0000, 0x0000, 0x0000, 0x0000, 0x0000, 0x0000, 0x0040,
    0x1001, 0x1001, 0x1001, 0x1001, 0x1001, 0x1001, 0x1001, 0x1001,
    0x1001, 0x1001, 0x1001, 0x1001, 0x1001, 0x1001, 0x1001, 0x1001,
    0x1001, 0x1001, 0x1001, 0x1001, 0x1001, 0x1001, 0x1001, 0x1001,
    0x1001, 0x1001, 0x1001, 0x1001, 0x1001, 0x0000, 0x0000, 0x0000,
    ],
    [
    0x0821, 0x0821, 0x0821, 0x0821, 0x0001, 0x0001, 0x0001, 0x0001,
    0x0001, 0x0001, 0x0001, 0x0001, 0x0001, 0x0001, 0x0001, 0x0001,
    0x0001, 0x0001, 0x0001, 0x0001, 0x0001, 0x0001, 0x0001, 0x0001,
    0x0001, 0x0001, 0x0001, 0x0001, 0x0001, 0x0001, 0x0001, 0x0001,
    0x0001, 0x0001, 0x0001, 0x0001, 0x0001, 0x0001, 0x0001, 0x0001,
    0x0001, 0x0001, 0x0001, 0x0001, 0x0001, 0x0001, 0x0001, 0x0001,
    0x0001, 0x0001, 0x0001, 0x0820, 0x0821, 0x0821, 0x0821, 0x0821,
    0x0821, 0x0821, 0x0821, 0x0821, 0x0821, 0x0821, 0x0821, 0x0821,
    ],
    [
    0x8820, 0x0040, 0x0040, 0x0040, 0x0040, 0x0040, 0x0040, 0x0040,
    0x0040, 0x0040, 0x0040, 0x0040, 0x0040, 0x0040, 0x0000, 0x0001,
    0x0010, 0x0010, 0x0010, 0x0010, 0x0010, 0x0010, 0x0010, 0x0010,
    0x0010, 0x0010, 0x0000, 0x0000, 0x0000, 0x0000, 0x0040, 0x0040,
    0x0001, 0x0001, 0x0001, 0x0001, 0x0001, 0x0821, 0x0001, 0x0001,
    0x0001, 0x0001, 0x0001, 0x0001, 0x0001, 0x0001, 0x0001, 0x0001,
    0x0010, 0x0010, 0x0010, 0x0010, 0x0010, 0x0010, 0x0010, 0x0010,
    0x0010, 0x0010, 0x0001, 0x0001, 0x0001, 0x0001, 0x0001, 0x0000,
    ],
    [
    0x0001, 0x0001, 0x0001, 0x0001, 0x0001, 0x0001, 0x0001, 0x0001,
    0x0001, 0x0001, 0x0001, 0x0001, 0x0001, 0x0001, 0x0001, 0x0001,
    0x0001, 0x0001, 0x0001, 0x0001, 0x0001, 0x0001, 0x0001, 0x0001,
    0x0001, 0x0001, 0x0001, 0x0001, 0x0001, 0x0001, 0x0001, 0x0001,
    0x0001, 0x0001, 0x0001, 0x0001, 0x0001, 0x0001, 0x0001, 0x0001,
    0x0001, 0x0821, 0x0821, 0x0821, 0x0821, 0x0821, 0x0821, 0x0821,
    0x0821, 0x0821, 0x0821, 0x0821, 0x0821, 0x0821, 0x0821, 0x0000,
    0x0000, 0x0000, 0x0000, 0x0000, 0x0000, 0x0000, 0x0000, 0x0000,
    ],
    [
    0x0001, 0x0001, 0x0001, 0x0821, 0x0001, 0x0001, 0x0001, 0x0001,
    0x0001, 0x0001, 0x0001, 0x0001, 0x0821, 0x0821, 0x0000, 0x0000,
    0x0010, 0x0010, 0x0010, 0x0010, 0x0010, 0x0010, 0x0010, 0x0010,
    0x0010, 0x0010, 0x0000, 0x0000, 0x0040, 0x0040, 0x0040, 0x0040,
    0x0001, 0x0001, 0x0001, 0x0001, 0x0001, 0x0001, 0x0001, 0x0001,
    0x0001, 0x0001, 0x0001, 0x0001, 0x0001, 0x0001, 0x0001, 0x0001,
    0x0001, 0x0001, 0x0001, 0x0001, 0x0001, 0x0001, 0x0001, 0x0080,
    0x0080, 0x0080, 0x0001, 0x0021, 0x0821, 0x0021, 0x0001, 0x0001,
    ],
    [
    0x0001, 0x0001, 0x0001, 0x0001, 0x0001, 0x0001, 0x0001, 0x0001,
    0x0001, 0x0001, 0x0001, 0x0001, 0x0001, 0x0001, 0x0001, 0x0001,
    0x0001, 0x0001, 0x0001, 0x0001, 0x0001, 0x0001, 0x0001, 0x0001,
    0x0001, 0x0001, 0x0001, 0x0001, 0x0001, 0x0001, 0x0001, 0x0001,
    0x0001, 0x0001, 0x0001, 0x0001, 0x0001, 0x0001, 0x0001, 0x0001,
    0x0001, 0x0001, 0x0001, 0x0001, 0x0001, 0x0001, 0x0001, 0x0001,
    0x0821, 0x0001, 0x0821, 0x0821, 0x0821, 0x0001, 0x0001, 0x0821,
    0x0821, 0x0001, 0x0001, 0x0001, 0x0001, 0x0001, 0x0821, 0x0820,
    ],
    [
    0x0001, 0x0820, 0x0001, 0x0000, 0x0000, 0x0000, 0x0000, 0x0000,
    0x0000, 0x0000, 0x0000, 0x0000, 0x0000, 0x0000, 0x0000, 0x0000,
    0x0000, 0x0000, 0x0000, 0x0000, 0x0000, 0x0000, 0x0000, 0x0000,
    0x0000, 0x0000, 0x0000, 0x0001, 0x0001, 0x0001, 0x0040, 0x0040,
    0x0001, 0x0001, 0x0001, 0x0001, 0x0001, 0x0001, 0x0001, 0x0001,
    0x0001, 0x0001, 0x0001, 0x0821, 0x0821, 0x0821, 0x0821, 0x0821,
    0x0040, 0x0040, 0x0001, 0x0001, 0x0001, 0x0821, 0x8820, 0x0000,
    0x0000, 0x0000, 0x0000, 0x0000, 0x0000, 0x0000, 0x0000, 0x0000,
    ],
    [
    0x0000, 0x0001, 0x0001, 0x0001, 0x0001, 0x0001, 0x0001, 0x0000,
    0x0000, 0x0001, 0x0001, 0x0001, 0x0001, 0x0001, 0x0001, 0x0000,
    0x0000, 0x0001, 0x0001, 0x0001, 0x0001, 0x0001, 0x0001, 0x0000,
    0x0000, 0x0000, 0x0000, 0x0000, 0x0000, 0x0000, 0x0000, 0x0000,
    0x0001, 0x0001, 0x0001, 0x0001, 0x0001, 0x0001, 0x0001, 0x0000,
    0x0001, 0x0001, 0x0001, 0x0001, 0x0001, 0x0001, 0x0001, 0x0000,
    0x0005, 0x0005, 0x0005, 0x0005, 0x0005, 0x0005, 0x0005, 0x0005,
    0x0005, 0x0005, 0x0005, 0x0005, 0x0005, 0x0005, 0x0005, 0x0005,
    ],
    [
    0x0005, 0x0005, 0x0005, 0x0005, 0x0005, 0x0005, 0x0005, 0x0005,
    0x0005, 0x0005, 0x0005, 0x0005, 0x0005, 0x0005, 0x0005, 0x0005,
    0x0005, 0x0005, 0x0005, 0x0005, 0x0005, 0x0005, 0x0005, 0x0005,
    0x0005, 0x0005, 0x0005, 0x0080, 0x0005, 0x0005, 0x0005, 0x0005,
    0x0005, 0x0005, 0x0005, 0x0005, 0x0005, 0x0005, 0x0005, 0x0005,
    0x0005, 0x0005, 0x0080, 0x0080, 0x0000, 0x0000, 0x0000, 0x0000,
    0x0005, 0x0005, 0x0005, 0x0005, 0x0005, 0x0005, 0x0005, 0x0005,
    0x0005, 0x0005, 0x0005, 0x0005, 0x0005, 0x0005, 0x0005, 0x0005,
    ],
    [
    0x0001, 0x0001, 0x0001, 0x0001, 0x0001, 0x0001, 0x0001, 0x0001,
    0x0001, 0x0001, 0x0001, 0x0001, 0x0001, 0x0001, 0x0001, 0x0001,
    0x0001, 0x0001, 0x0001, 0x0001, 0x0001, 0x0001, 0x0001, 0x0001,
    0x0001, 0x0001, 0x0001, 0x0001, 0x0001, 0x0001, 0x0001, 0x0001,
    0x0001, 0x0001, 0x0001, 0x0821, 0x0821, 0x0821, 0x0821, 0x0821,
    0x0821, 0x0821, 0x0821, 0x0040, 0x0820, 0x0820, 0x0000, 0x0000,
    0x0010, 0x0010, 0x0010, 0x0010, 0x0010, 0x0010, 0x0010, 0x0010,
    0x0010, 0x0010, 0x0000, 0x0000, 0x0000, 0x0000, 0x0000, 0x0000,
    ],
    [
    0x1001, 0x1001, 0x1001, 0x1001, 0x1001, 0x1001, 0x1001, 0x1001,
    0x1001, 0x1001, 0x1001, 0x1001, 0x1001, 0x1001, 0x1001, 0x1001,
    0x1001, 0x1001, 0x1001, 0x1001, 0x1001, 0x1001, 0x1001, 0x1001,
    0x1001, 0x1001, 0x1001, 0x1001, 0x1001, 0x1001, 0x1001, 0x1001,
    0x1001, 0x1001, 0x1001, 0x1001, 0x0000, 0x0000, 0x0000, 0x0000,
    0x0000, 0x0000, 0x0000, 0x0000, 0x0000, 0x0000, 0x0000, 0x0000,
    0x1001, 0x1001, 0x1001, 0x1001, 0x1001, 0x1001, 0x1001, 0x1001,
    0x1001, 0x1001, 0x1001, 0x1001, 0x1001, 0x1001, 0x1001, 0x1001,
    ],
    [
    0x1001, 0x1001, 0x1001, 0x1001, 0x1001, 0x1001, 0x1001, 0x0000,
    0x0000, 0x0000, 0x0000, 0x1001, 0x1001, 0x1001, 0x1001, 0x1001,
    0x1001, 0x1001, 0x1001, 0x1001, 0x1001, 0x1001, 0x1001, 0x1001,
    0x1001, 0x1001, 0x1001, 0x1001, 0x1001, 0x1001, 0x1001, 0x1001,
    0x1001, 0x1001, 0x1001, 0x1001, 0x1001, 0x1001, 0x1001, 0x1001,
    0x1001, 0x1001, 0x1001, 0x1001, 0x1001, 0x1001, 0x1001, 0x1001,
    0x1001, 0x1001, 0x1001, 0x1001, 0x1001, 0x1001, 0x1001, 0x1001,
    0x1001, 0x1001, 0x1001, 0x1001, 0x0000, 0x0000, 0x0000, 0x0000,
    ],
    [
    0x0001, 0x0001, 0x0001, 0x0001, 0x0001, 0x0001, 0x0001, 0x0001,
    0x0001, 0x0001, 0x0001, 0x0001, 0x0001, 0x0001, 0x0001, 0x0001,
    0x0001, 0x0001, 0x0001, 0x0001, 0x0001, 0x0001, 0x0001, 0x0001,
    0x0001, 0x0001, 0x0001, 0x0001, 0x0001, 0x0001, 0x0001, 0x0001,
    0x0001, 0x0001, 0x0001, 0x0001, 0x0001, 0x0001, 0x0001, 0x0001,
    0x0001, 0x0001, 0x0001, 0x0001, 0x0001, 0x0001, 0x0000, 0x0000,
    0x0001, 0x0001, 0x0001, 0x0001, 0x0001, 0x0001, 0x0001, 0x0001,
    0x0001, 0x0001, 0x0001, 0x0001, 0x0001, 0x0001, 0x0001, 0x0001,
    ],
    [
    0x0001, 0x0001, 0x0001, 0x0001, 0x0001, 0x0001, 0x0001, 0x0001,
    0x0001, 0x0001, 0x0001, 0x0001, 0x0001, 0x0001, 0x0001, 0x0001,
    0x0001, 0x0001, 0x0001, 0x0001, 0x0001, 0x0001, 0x0001, 0x0001,
    0x0001, 0x0001, 0x0000, 0x0000, 0x0000, 0x0000, 0x0000, 0x0000,
    0x0000, 0x0000, 0x0000, 0x0000, 0x0000, 0x0000, 0x0000, 0x0000,
    0x0000, 0x0000, 0x0000, 0x0000, 0x0000, 0x0000, 0x0000, 0x0000,
    0x0000, 0x0000, 0x0000, 0x0000, 0x0000, 0x0000, 0x0000, 0x0000,
    0x0000, 0x0000, 0x0000, 0x0000, 0x0000, 0x0000, 0x0000, 0x0000,
    ],
    [
    0x0005, 0x0005, 0x0005, 0x0005, 0x0005, 0x0005, 0x0005, 0x0000,
    0x0000, 0x0000, 0x0000, 0x0000, 0x0000, 0x0000, 0x0000, 0x0000,
    0x0000, 0x0000, 0x0000, 0x0005, 0x0005, 0x0005, 0x0005, 0x0005,
    0x0000, 0x0000, 0x0000, 0x0000, 0x0000, 0x0001, 0x0821, 0x0001,
    0x0001, 0x0001, 0x0001, 0x0001, 0x0001, 0x0001, 0x0001, 0x0001,
    0x0001, 0x0080, 0x0001, 0x0001, 0x0001, 0x0001, 0x0001, 0x0001,
    0x0001, 0x0001, 0x0001, 0x0001, 0x0001, 0x0001, 0x0001, 0x0000,
    0x0001, 0x0001, 0x0001, 0x0001, 0x0001, 0x0000, 0x0001, 0x0000,
    ],
    [
    0x0001, 0x0001, 0x0000, 0x0001, 0x0001, 0x0000, 0x0001, 0x0001,
    0x0001, 0x0001, 0x0001, 0x0001, 0x0001, 0x0001, 0x0001, 0x0001,
    0x0001, 0x0001, 0x0001, 0x0001, 0x0001, 0x0001, 0x0001, 0x0001,
    0x0001, 0x0001, 0x0001, 0x0001, 0x0001, 0x0001, 0x0001, 0x0001,
    0x0001, 0x0001, 0x0001, 0x0001, 0x0001, 0x0001, 0x0001, 0x0001,
    0x0001, 0x0001, 0x0001, 0x0001, 0x0001, 0x0001, 0x0001, 0x0001,
    0x0001, 0x0001, 0x0001, 0x0001, 0x0001, 0x0001, 0x0001, 0x0001,
    0x0001, 0x0001, 0x0001, 0x0001, 0x0001, 0x0001, 0x0001, 0x0001,
    ],
    [
    0x0001, 0x0001, 0x0001, 0x0001, 0x0001, 0x0001, 0x0001, 0x0001,
    0x0001, 0x0001, 0x0001, 0x0001, 0x0001, 0x0001, 0x0001, 0x0001,
    0x0001, 0x0001, 0x0001, 0x0001, 0x0001, 0x0001, 0x0001, 0x0001,
    0x0001, 0x0001, 0x0001, 0x0001, 0x0001, 0x0001, 0x0001, 0x0001,
    0x0001, 0x0001, 0x0001, 0x0001, 0x0001, 0x0001, 0x0001, 0x0001,
    0x0001, 0x0001, 0x0001, 0x0001, 0x0001, 0x0001, 0x0001, 0x0001,
    0x0001, 0x0001, 0x0080, 0x0080, 0x0080, 0x0080, 0x0080, 0x0080,
    0x0080, 0x0080, 0x0080, 0x0080, 0x0080, 0x0080, 0x0080, 0x0080,
    ],
    [
    0x0080, 0x0080, 0x0080, 0x0080, 0x0080, 0x0080, 0x0080, 0x0080,
    0x0080, 0x0080, 0x0080, 0x0080, 0x0080, 0x0080, 0x0080, 0x0080,
    0x0080, 0x0080, 0x0080, 0x0001, 0x0001, 0x0001, 0x0001, 0x0001,
    0x0001, 0x0001, 0x0001, 0x0001, 0x0001, 0x0001, 0x0001, 0x0001,
    0x0001, 0x0001, 0x0001, 0x0001, 0x0001, 0x0001, 0x0001, 0x0001,
    0x0001, 0x0001, 0x0001, 0x0001, 0x0001, 0x0001, 0x0001, 0x0001,
    0x0001, 0x0001, 0x0001, 0x0001, 0x0001, 0x0001, 0x0001, 0x0001,
    0x0001, 0x0001, 0x0001, 0x0001, 0x0001, 0x0001, 0x0001, 0x0001,
    ],
    [
    0x0001, 0x0001, 0x0001, 0x0001, 0x0001, 0x0001, 0x0001, 0x0001,
    0x0001, 0x0001, 0x0001, 0x0001, 0x0001, 0x0001, 0x0001, 0x0001,
    0x0001, 0x0001, 0x0001, 0x0001, 0x0001, 0x0001, 0x0001, 0x0001,
    0x0001, 0x0001, 0x0001, 0x0001, 0x0001, 0x0001, 0x0001, 0x0001,
    0x0001, 0x0001, 0x0001, 0x0001, 0x0001, 0x0001, 0x0001, 0x0001,
    0x0001, 0x0001, 0x0001, 0x0001, 0x0001, 0x0001, 0x0001, 0x0001,
    0x0001, 0x0001, 0x0001, 0x0001, 0x0001, 0x0001, 0x0001, 0x0001,
    0x0001, 0x0001, 0x0001, 0x0001, 0x0001, 0x0001, 0x0040, 0x0040,
    ],
    [
    0x0080, 0x0080, 0x0080, 0x0080, 0x0080, 0x0080, 0x0080, 0x0080,
    0x0080, 0x0080, 0x0080, 0x0080, 0x0080, 0x0080, 0x0080, 0x0080,
    0x0001, 0x0001, 0x0001, 0x0001, 0x0001, 0x0001, 0x0001, 0x0001,
    0x0001, 0x0001, 0x0001, 0x0001, 0x0001, 0x0001, 0x0001, 0x0001,
    0x0001, 0x0001, 0x0001, 0x0001, 0x0001, 0x0001, 0x0001, 0x0001,
    0x0001, 0x0001, 0x0001, 0x0001, 0x0001, 0x0001, 0x0001, 0x0001,
    0x0001, 0x0001, 0x0001, 0x0001, 0x0001, 0x0001, 0x0001, 0x0001,
    0x0001, 0x0001, 0x0001, 0x0001, 0x0001, 0x0001, 0x0001, 0x0001,
    ],
    [
    0x0001, 0x0001, 0x0001, 0x0001, 0x0001, 0x0001, 0x0001, 0x0001,
    0x0001, 0x0001, 0x0001, 0x0001, 0x0001, 0x0001, 0x0001, 0x0001,
    0x0080, 0x0080, 0x0001, 0x0001, 0x0001, 0x0001, 0x0001, 0x0001,
    0x0001, 0x0001, 0x0001, 0x0001, 0x0001, 0x0001, 0x0001, 0x0001,
    0x0001, 0x0001, 0x0001, 0x0001, 0x0001, 0x0001, 0x0001, 0x0001,
    0x0001, 0x0001, 0x0001, 0x0001, 0x0001, 0x0001, 0x0001, 0x0001,
    0x0001, 0x0001, 0x0001, 0x0001, 0x0001, 0x0001, 0x0001, 0x0001,
    0x0001, 0x0001, 0x0001, 0x0001, 0x0001, 0x0001, 0x0001, 0x0001,
    ],
    [
    0x0001, 0x0001, 0x0001, 0x0001, 0x0001, 0x0001, 0x0001, 0x0001,
    0x0080, 0x0080, 0x0080, 0x0080, 0x0080, 0x0080, 0x0080, 0x0080,
    0x0400, 0x0400, 0x0400, 0x0400, 0x0400, 0x0400, 0x0400, 0x0400,
    0x0400, 0x0400, 0x0400, 0x0400, 0x0400, 0x0400, 0x0400, 0x0400,
    0x0400, 0x0400, 0x0400, 0x0400, 0x0400, 0x0400, 0x0400, 0x0400,
    0x0400, 0x0400, 0x0400, 0x0400, 0x0400, 0x0400, 0x0400, 0x0400,
    0x0001, 0x0001, 0x0001, 0x0001, 0x0001, 0x0001, 0x0001, 0x0001,
    0x0001, 0x0001, 0x0001, 0x0001, 0x0080, 0x0080, 0x0080, 0x0080,
    ],
    [
    0x0820, 0x0820, 0x0820, 0x0820, 0x0820, 0x0820, 0x0820, 0x0820,
    0x0820, 0x0820, 0x0820, 0x0820, 0x0820, 0x0820, 0x0820, 0x0820,
    0x0040, 0x0040, 0x0040, 0x0040, 0x0040, 0x0040, 0x0040, 0x0040,
    0x0040, 0x0040, 0x0000, 0x0000, 0x0000, 0x0000, 0x0000, 0x0000,
    0x0820, 0x0820, 0x0820, 0x0820, 0x0820, 0x0820, 0x0820, 0x0820,
    0x0820, 0x0820, 0x0820, 0x0820, 0x0820, 0x0820, 0x0820, 0x0820,
    0x0040, 0x0040, 0x0040, 0x0040, 0x0040, 0x0040, 0x0040, 0x0040,
    0x0040, 0x0040, 0x0040, 0x0040, 0x0040, 0x0040, 0x0040, 0x0040,
    ],
    [
    0x0040, 0x0040, 0x0040, 0x0040, 0x0040, 0x0040, 0x0040, 0x0040,
    0x0040, 0x0040, 0x0040, 0x0040, 0x0040, 0x0040, 0x0040, 0x0040,
    0x0040, 0x0040, 0x0040, 0x0000, 0x0040, 0x0040, 0x0040, 0x0040,
    0x0040, 0x0040, 0x0040, 0x0040, 0x0040, 0x0040, 0x0040, 0x0040,
    0x0040, 0x0040, 0x0080, 0x0040, 0x0080, 0x0080, 0x0080, 0x0000,
    0x0040, 0x0080, 0x0040, 0x0040, 0x0000, 0x0000, 0x0000, 0x0000,
    0x0001, 0x0001, 0x0001, 0x0001, 0x0001, 0x0000, 0x0001, 0x0001,
    0x0001, 0x0001, 0x0001, 0x0001, 0x0001, 0x0001, 0x0001, 0x0001,
    ],
    [
    0x0001, 0x0001, 0x0001, 0x0001, 0x0001, 0x0001, 0x0001, 0x0001,
    0x0001, 0x0001, 0x0001, 0x0001, 0x0001, 0x0001, 0x0001, 0x0001,
    0x0001, 0x0001, 0x0001, 0x0001, 0x0001, 0x0001, 0x0001, 0x0001,
    0x0001, 0x0001, 0x0001, 0x0001, 0x0001, 0x0001, 0x0001, 0x0001,
    0x0001, 0x0001, 0x0001, 0x0001, 0x0001, 0x0001, 0x0001, 0x0001,
    0x0001, 0x0001, 0x0001, 0x0001, 0x0001, 0x0001, 0x0001, 0x0001,
    0x0001, 0x0001, 0x0001, 0x0001, 0x0001, 0x0001, 0x0001, 0x0001,
    0x0001, 0x0001, 0x0001, 0x0001, 0x0001, 0x0000, 0x0000, 0x3200,
    ],
    [
    0x0000, 0x0040, 0x0040, 0x0040, 0x0080, 0x0040, 0x0040, 0x0040,
    0x0040, 0x0040, 0x0040, 0x0080, 0x0040, 0x0040, 0x0040, 0x0040,
    0x0010, 0x0010, 0x0010, 0x0010, 0x0010, 0x0010, 0x0010, 0x0010,
    0x0010, 0x0010, 0x0040, 0x0040, 0x0080, 0x0080, 0x0080, 0x0040,
    0x0040, 0x0003, 0x0003, 0x0003, 0x0003, 0x0003, 0x0003, 0x0003,
    0x0003, 0x0003, 0x0003, 0x0003, 0x0003, 0x0003, 0x0003, 0x0003,
    0x0003, 0x0003, 0x0003, 0x0003, 0x0003, 0x0003, 0x0003, 0x0003,
    0x0003, 0x0003, 0x0003, 0x0040, 0x0040, 0x0040, 0x0080, 0x0040,
    ],
    [
    0x0080, 0x0005, 0x0005, 0x0005, 0x0005, 0x0005, 0x0005, 0x0005,
    0x0005, 0x0005, 0x0005, 0x0005, 0x0005, 0x0005, 0x0005, 0x0005,
    0x0005, 0x0005, 0x0005, 0x0005, 0x0005, 0x0005, 0x0005, 0x0005,
    0x0005, 0x0005, 0x0005, 0x0040, 0x0080, 0x0040, 0x0080, 0x0040,
    0x0040, 0x0040, 0x0040, 0x0040, 0x0040, 0x0040, 0x0001, 0x0001,
    0x0001, 0x0001, 0x0001, 0x0001, 0x0001, 0x0001, 0x0001, 0x0001,
    0x0001, 0x0001, 0x0001, 0x0001, 0x0001, 0x0001, 0x0001, 0x0001,
    0x0001, 0x0001, 0x0001, 0x0001, 0x0001, 0x0001, 0x0001, 0x0001,
    ],
    [
    0x0001, 0x0001, 0x0001, 0x0001, 0x0001, 0x0001, 0x0001, 0x0001,
    0x0001, 0x0001, 0x0001, 0x0001, 0x0001, 0x0001, 0x0001, 0x0001,
    0x0001, 0x0001, 0x0001, 0x0001, 0x0001, 0x0001, 0x0001, 0x0001,
    0x0001, 0x0001, 0x0001, 0x0001, 0x0001, 0x0001, 0x0801, 0x0801,
    0x0001, 0x0001, 0x0001, 0x0001, 0x0001, 0x0001, 0x0001, 0x0001,
    0x0001, 0x0001, 0x0001, 0x0001, 0x0001, 0x0001, 0x0001, 0x0001,
    0x0001, 0x0001, 0x0001, 0x0001, 0x0001, 0x0001, 0x0001, 0x0001,
    0x0001, 0x0001, 0x0001, 0x0001, 0x0001, 0x0001, 0x0001, 0x0000,
    ],
    [
    0x0000, 0x0000, 0x0001, 0x0001, 0x0001, 0x0001, 0x0001, 0x0001,
    0x0000, 0x0000, 0x0001, 0x0001, 0x0001, 0x0001, 0x0001, 0x0001,
    0x0000, 0x0000, 0x0001, 0x0001, 0x0001, 0x0001, 0x0001, 0x0001,
    0x0000, 0x0000, 0x0001, 0x0001, 0x0001, 0x0000, 0x0000, 0x0000,
    0x0080, 0x0080, 0x0080, 0x0080, 0x0080, 0x0080, 0x0080, 0x0000,
    0x0080, 0x0080, 0x0080, 0x0080, 0x0080, 0x0080, 0x0080, 0x0000,
    0x3000, 0x3000, 0x3000, 0x3000, 0x3000, 0x3000, 0x3000, 0x3000,
    0x3000, 0x3200, 0x3200, 0x3200, 0x0080, 0x0080, 0x0400, 0x0400,
    ],
];
